partner_id,zone_id,gps_in_zone,run_count_during_event,zone_polygon_match,claims_last_30_days,device_consistent,traffic_disrupted,centroid_drift_km,max_gps_velocity_kmh,zone_suspended,is_fraud
4744,103,1,0,1,1,1,1,2.26,0.28,1,0
72,14,1,0,1,1,1,1,5.24,7.95,1,0
4440,194,1,0,1,1,1,1,0.53,2.04,1,0
1080,37,0,0,0,4,1,0,6.94,48.46,1,0
560,18,0,3,0,1,0,1,3.95,29.61,1,1
2005,162,1,0,0,1,1,1,5.73,21.38,1,0
3729,185,0,0,1,10,0,1,12.14,22.59,1,1
213,157,1,0,1,5,0,0,10.62,38.25,1,0
2379,26,1,0,1,0,1,1,4.1,11.61,1,0
2027,181,1,0,1,3,0,1,8.45,44.1,1,0
1646,184,1,0,1,0,1,1,0.27,33.11,1,0
4977,190,1,0,1,1,1,1,3.22,29.89,1,0
3957,170,1,0,1,0,1,1,4.75,10.25,1,0
2776,55,1,0,1,0,0,0,4.43,11.13,1,0
2524,53,1,0,1,1,1,1,2.44,28.33,1,0
3018,123,1,0,1,2,1,1,1.86,9.82,1,0
663,21,1,0,1,0,0,1,3.39,24.62,1,0
811,97,0,6,1,7,1,1,5.8,19.97,1,1
1326,25,1,0,1,1,1,1,1.8,20.86,1,0
3369,128,1,0,1,0,1,1,0.96,27.56,1,0
1379,180,0,0,1,3,0,1,14.98,94.97,1,1
790,148,1,0,1,0,1,1,4.78,10.7,1,0
578,138,0,0,0,1,1,1,13.72,92.86,1,1
3612,37,1,0,1,4,0,0,6.7,63.55,1,0
3633,36,1,0,1,0,1,1,2.29,7.2,1,0
688,74,1,0,1,0,1,1,0.8,31.0,1,0
1140,157,1,0,1,1,1,1,4.83,9.61,1,0
2424,107,1,0,1,0,1,1,2.99,12.01,1,0
41,96,1,0,1,0,1,1,1.64,17.68,1,0
2154,105,1,0,1,0,1,0,4.46,24.89,1,0
2440,72,1,0,1,2,1,1,3.48,16.93,1,0
3898,159,0,0,1,1,1,0,5.74,25.81,1,0
2059,50,1,0,0,0,1,1,5.47,33.22,1,0
128,8,0,0,1,6,0,1,8.57,28.83,0,1
1907,186,1,0,1,0,1,1,2.45,22.79,1,0
1936,122,1,0,1,4,1,1,2.6,5.04,1,0
2563,37,1,5,1,0,1,1,8.22,27.06,1,1
2569,34,1,0,1,1,1,1,5.92,19.6,1,0
1773,48,0,0,0,4,1,0,23.88,22.05,1,1
533,25,1,0,1,1,1,1,1.19,26.2,1,0
3753,57,1,0,1,2,1,1,14.67,24.6,1,0
2036,176,1,0,1,0,1,1,3.42,7.76,1,0
3149,121,0,0,0,1,1,1,15.33,87.09,1,1
2896,146,1,0,1,2,1,1,3.5,32.76,1,0
604,125,1,0,1,1,1,1,4.42,2.45,1,0
3505,33,0,0,0,2,1,1,19.37,92.07,1,1
1412,85,1,0,0,2,0,1,2.91,3.7,1,0
1051,174,1,0,1,1,1,1,0.55,5.38,1,0
169,108,0,0,1,2,0,1,10.82,63.34,1,1
973,56,1,0,1,3,1,1,4.1,46.7,1,0
841,23,1,0,1,1,1,1,4.13,4.21,1,0
4398,195,1,1,1,7,0,1,8.92,33.36,1,1
598,153,0,0,1,1,0,1,5.73,8.41,1,0
2333,49,1,0,1,1,1,1,5.39,7.18,1,0
1016,33,1,0,1,1,1,1,5.2,1.58,1,0
4949,128,1,0,1,2,1,1,3.39,16.24,1,0
62,62,1,0,1,0,1,1,5.9,30.11,1,0
3478,62,1,0,1,1,1,1,5.88,33.59,1,0
3897,71,0,0,0,0,1,1,15.74,80.52,1,1
2671,152,1,0,1,1,1,0,0.39,25.69,1,0
2665,42,1,0,0,3,1,1,5.32,59.2,1,0
2339,169,1,0,1,1,1,1,3.48,8.64,1,0
357,89,1,0,1,0,1,1,4.27,34.34,1,0
1406,37,0,0,1,3,0,0,9.42,37.93,1,0
4577,151,1,0,1,0,1,1,4.25,1.27,1,0
2061,47,1,0,1,2,1,1,4.02,32.59,1,0
2606,90,1,0,1,1,0,1,1.72,34.03,1,0
2294,79,1,0,1,0,1,1,1.49,4.68,1,0
3444,148,1,0,1,2,1,1,0.34,32.58,1,0
1908,138,1,0,1,2,1,1,2.81,21.68,1,0
1005,196,1,0,1,0,1,1,3.64,17.63,1,0
1777,58,1,0,0,2,1,1,6.47,55.87,1,0
1974,111,1,0,1,3,0,1,6.54,64.7,0,0
815,147,1,0,1,0,1,1,4.51,17.63,1,0
3312,177,1,0,1,3,1,1,2.72,30.72,1,0
2919,114,1,0,1,1,1,1,2.08,26.14,1,0
62,131,1,0,1,1,1,1,2.15,3.0,1,0
4762,157,1,0,1,4,0,1,17.39,46.25,0,0
1568,7,1,0,1,3,1,1,3.07,9.77,1,0
2144,152,1,0,1,0,1,1,4.39,4.47,1,0
2770,19,0,0,1,2,0,1,12.33,75.09,1,1
3272,42,1,0,1,0,1,1,1.4,7.91,1,0
4489,131,0,0,0,3,0,1,18.18,45.4,1,1
3953,62,1,0,1,0,1,1,1.43,13.22,1,0
4966,87,1,0,1,0,0,1,1.46,25.7,1,0
373,160,0,0,0,5,0,1,14.74,40.81,1,1
1,167,1,7,0,3,1,1,8.45,14.08,1,1
1131,146,1,0,1,2,1,1,0.4,13.56,1,0
4298,26,0,3,1,4,0,1,5.35,38.73,1,1
1593,97,0,0,0,4,1,0,22.42,21.04,1,1
2320,136,1,4,1,4,0,1,3.86,36.77,1,1
991,159,1,0,1,1,1,0,4.15,23.15,1,0
2004,49,1,0,1,1,1,1,2.58,30.55,1,0
1807,33,1,0,1,0,1,1,1.61,1.43,1,0
3228,165,1,0,1,1,1,1,1.16,6.69,1,0
2751,25,1,0,0,1,0,1,0.84,19.31,1,0
3428,25,1,0,1,0,1,1,0.1,25.69,1,0
4564,70,0,2,1,2,0,1,7.19,38.59,1,1
2327,126,1,0,1,0,1,1,2.31,25.0,1,0
1547,138,1,0,1,2,1,0,3.85,21.25,1,0
3255,113,0,0,0,2,1,1,15.67,76.4,1,1
2081,119,1,0,1,3,1,1,11.89,58.19,1,0
3223,55,1,2,1,4,1,0,5.47,32.97,0,1
4226,195,0,0,0,7,0,1,11.07,39.85,0,1
3092,87,1,0,1,1,1,1,0.82,2.44,1,0
2716,178,1,0,1,0,1,1,5.32,25.54,1,0
2081,12,1,0,1,0,1,1,3.48,32.76,1,0
911,51,1,0,1,0,1,1,3.61,19.11,1,0
1622,26,1,0,1,0,0,1,4.75,22.69,1,0
502,85,1,0,1,0,1,1,5.57,22.44,1,0
2803,42,0,0,1,1,1,1,3.24,6.64,1,0
2701,106,1,0,0,3,1,0,11.5,30.38,1,0
3527,150,0,0,1,0,1,1,3.31,16.38,1,0
1956,128,0,0,0,2,1,0,14.03,50.46,1,1
775,97,1,0,1,3,1,1,3.42,30.14,1,0
4859,134,1,0,1,0,1,1,5.85,26.65,1,0
744,172,0,0,1,6,1,1,12.38,82.27,1,1
514,1,0,0,1,6,0,0,8.41,40.61,1,1
4203,17,1,6,1,2,1,1,3.98,27.89,1,1
4839,33,0,6,1,5,1,1,4.98,31.97,1,1
523,17,0,0,1,3,1,1,1.1,9.75,1,0
1734,47,1,0,1,3,1,1,4.71,4.14,1,0
2420,167,0,0,1,0,1,1,5.67,16.6,1,0
1355,196,0,7,1,1,1,1,6.84,13.19,1,1
2066,140,1,0,1,5,1,0,9.07,38.2,1,0
506,166,1,0,1,1,0,1,3.7,16.01,1,0
3984,52,1,0,1,4,1,1,5.33,29.42,1,0
2176,102,1,1,1,5,1,1,6.74,22.61,1,1
4774,84,0,0,0,4,1,1,13.71,90.1,1,1
771,84,1,0,1,1,1,0,3.82,31.97,1,0
2703,41,1,0,1,2,1,1,5.4,14.15,1,0
4729,129,1,7,1,3,0,1,1.38,21.1,1,1
3474,175,1,0,1,4,0,1,13.37,36.9,1,0
4119,164,0,0,0,3,1,1,13.01,48.24,1,1
1980,60,1,0,1,2,1,1,3.76,5.12,1,0
1802,99,1,0,1,1,1,0,0.96,11.75,1,0
3403,13,1,0,1,1,1,1,5.05,8.05,1,0
541,135,1,0,1,0,1,1,4.9,15.69,1,0
3714,188,1,0,1,1,1,1,2.13,2.43,1,0
2978,80,1,0,1,2,1,1,3.43,6.33,1,0
1646,71,0,0,1,1,0,1,8.84,68.14,1,1
2842,83,1,0,1,1,0,1,5.27,31.33,1,0
6,169,1,0,1,0,1,1,0.75,33.97,1,0
4886,180,1,0,1,0,1,1,3.59,32.75,1,0
4593,170,1,0,1,3,1,1,2.15,21.01,1,0
3256,194,1,0,0,0,1,1,0.44,28.74,1,0
4255,191,1,0,1,1,1,1,1.4,17.14,1,0
3697,94,1,0,1,1,1,1,2.01,0.92,1,0
4066,11,1,0,1,0,1,1,5.37,20.09,1,0
2680,130,0,2,1,4,1,1,12.31,61.01,1,1
3957,172,1,0,0,1,1,1,0.79,15.39,1,0
2991,136,1,0,1,1,1,1,0.24,31.25,1,0
760,127,1,0,1,1,1,1,1.9,29.57,1,0
2179,197,1,0,1,1,0,1,3.42,26.62,1,0
2216,182,1,0,1,0,1,1,1.91,15.8,1,0
222,98,0,0,1,7,0,0,11.77,38.75,1,1
1339,173,1,3,0,2,0,1,8.75,37.15,1,1
3407,71,0,0,1,3,0,1,8.86,65.59,1,1
328,54,1,0,1,1,1,1,1.18,17.69,1,0
3016,95,0,0,0,4,1,0,17.79,23.97,1,1
760,110,1,0,1,1,1,1,3.96,25.24,1,0
1645,60,0,0,0,2,1,1,13.04,75.97,1,1
3550,105,1,0,1,2,1,1,5.75,1.17,1,0
2238,32,1,0,1,0,0,1,2.14,8.91,1,0
4729,19,1,0,1,3,1,1,3.73,19.57,1,0
509,155,0,0,1,2,0,1,13.7,38.42,0,0
228,66,1,0,1,3,0,1,3.63,6.95,1,0
1915,82,1,1,1,4,0,1,16.99,62.5,1,1
3320,56,0,0,0,7,1,1,22.44,40.69,0,1
2609,172,0,0,1,5,0,0,7.23,44.49,1,1
2977,149,0,0,0,5,0,1,22.69,46.25,0,1
481,144,1,0,1,3,1,1,4.09,6.53,1,0
2043,179,1,0,1,1,1,1,2.75,13.81,1,0
2789,13,0,0,1,1,1,0,5.37,24.21,1,0
3466,152,1,0,1,2,1,0,2.27,1.22,1,0
3811,181,1,0,1,2,1,1,3.32,6.59,1,0
4541,107,1,0,1,1,1,1,3.52,21.85,1,0
2581,90,1,0,1,1,1,1,4.47,14.43,1,0
1984,164,0,0,0,4,1,0,13.11,32.89,1,1
1457,161,1,0,1,1,1,1,5.72,8.38,1,0
4138,120,0,0,0,8,1,1,14.7,60.89,1,1
3857,43,1,0,1,0,1,1,0.05,20.63,1,0
3917,126,1,0,1,1,1,1,2.49,19.2,1,0
2019,188,1,0,1,0,1,1,1.58,9.83,1,0
1450,185,1,0,1,0,1,1,0.33,7.15,1,0
3175,24,1,0,1,1,1,1,3.58,8.77,1,0
1666,93,0,0,1,5,1,1,5.33,29.83,1,0
556,100,1,0,1,1,1,1,0.84,18.21,1,0
1376,158,1,0,1,0,1,1,4.39,24.53,1,0
1480,19,1,0,1,0,1,1,3.05,4.35,1,0
1206,187,1,0,1,3,1,0,7.48,26.1,1,0
1778,199,0,0,1,2,0,1,4.88,23.27,1,0
1427,152,1,0,1,1,1,1,2.76,10.42,1,0
3156,157,1,0,1,2,1,1,2.41,0.99,1,0
4687,179,1,0,1,0,1,1,2.36,0.15,1,0
789,80,1,0,1,0,1,1,5.19,24.26,1,0
1488,169,1,0,1,1,1,1,0.52,8.29,1,0
1591,122,1,0,1,0,1,1,5.69,4.94,1,0
2766,150,1,0,1,0,1,1,2.66,11.23,1,0
3737,67,0,0,1,1,1,1,5.27,26.77,1,0
1659,36,1,0,1,1,1,1,4.23,13.47,1,0
2350,141,1,0,1,0,1,1,3.73,32.5,1,0
914,153,0,0,1,4,1,1,7.05,61.28,0,1
1719,185,1,0,1,4,1,1,2.44,29.68,1,0
1664,93,1,0,1,2,1,1,1.57,34.37,1,0
1395,49,0,2,1,2,0,1,3.66,36.38,1,1
278,40,1,0,0,1,1,1,0.16,18.33,1,0
3192,56,1,0,0,2,1,1,5.57,11.64,1,0
3836,183,1,0,1,0,1,1,1.9,9.04,1,0
2632,152,1,0,1,1,1,1,2.47,29.4,1,0
1467,84,0,0,0,5,1,0,16.68,37.07,1,1
3199,183,1,0,1,0,1,1,1.98,11.91,1,0
4060,87,1,0,0,5,1,0,4.18,48.07,1,0
4629,197,0,6,0,3,1,1,6.2,12.42,1,1
4788,162,0,6,1,2,0,1,7.92,24.91,1,1
217,80,1,0,0,0,1,0,0.2,29.82,1,0
2200,147,0,0,1,7,0,1,12.59,11.28,1,1
2729,187,0,0,0,7,0,1,13.61,36.68,1,1
2155,17,0,0,0,3,0,0,22.21,29.73,1,1
546,97,1,0,1,0,1,1,3.77,6.72,1,0
360,86,0,0,0,4,0,1,8.01,78.54,1,1
3942,196,1,2,1,2,1,1,12.98,52.95,1,1
3186,88,0,0,0,10,0,1,9.6,29.54,0,1
639,183,1,0,1,3,1,1,9.4,50.08,0,0
523,61,1,0,0,4,0,1,15.08,22.26,1,0
3488,111,0,0,0,2,0,1,22.28,39.89,1,1
4517,190,0,0,0,3,1,1,6.66,74.62,1,1
82,79,1,0,1,2,1,1,2.09,3.9,1,0
4352,61,0,0,0,1,1,1,9.79,87.03,1,1
2848,138,0,4,1,2,1,1,4.29,35.58,1,1
4495,191,0,0,0,1,0,0,15.0,26.59,1,1
3053,16,1,6,0,1,0,1,5.0,39.92,1,1
1986,100,0,0,0,10,0,1,8.93,16.07,1,1
2375,193,1,0,1,1,1,1,4.4,30.67,1,0
367,16,0,0,1,1,0,1,4.31,15.49,1,0
2525,126,1,0,1,0,1,1,0.81,16.4,1,0
3635,50,1,0,1,1,1,1,5.55,14.5,1,0
4347,135,1,0,1,0,1,0,0.71,10.92,1,0
1561,39,0,0,1,4,1,0,14.09,37.97,1,0
4717,93,1,0,0,4,1,1,7.6,40.68,1,0
1755,161,1,0,1,0,1,1,3.84,2.63,1,0
1251,84,0,0,1,5,0,0,12.83,44.61,1,1
2717,67,1,0,1,0,1,1,2.17,25.69,1,0
501,30,0,3,1,3,0,1,4.61,22.12,1,1
3604,165,1,0,1,1,1,1,0.0,8.44,1,0
2540,1,1,0,1,1,1,1,1.16,7.36,1,0
2296,156,1,0,1,2,0,1,0.64,11.02,1,0
1647,180,0,0,1,1,1,1,7.19,65.79,1,1
907,13,1,0,1,3,1,1,1.28,23.01,1,0
976,145,1,0,1,1,1,1,2.61,11.58,1,0
428,106,1,0,1,1,1,1,0.5,12.15,1,0
2071,38,1,0,1,0,0,1,1.02,0.33,1,0
966,6,0,0,1,10,0,0,10.31,19.78,1,1
2000,38,0,0,1,2,1,1,0.83,7.66,1,0
2762,105,1,0,1,1,1,1,4.51,3.55,1,0
2221,4,0,0,1,1,0,1,12.06,82.07,1,1
3211,135,0,0,0,2,0,1,15.63,40.26,1,1
4914,124,1,0,0,0,1,1,4.17,15.05,1,0
4689,158,1,0,1,1,1,1,5.85,27.29,1,0
3801,125,1,0,1,3,0,1,13.01,40.9,0,0
2488,178,1,0,1,2,1,0,3.05,34.94,1,0
4621,45,1,0,1,0,1,1,1.5,9.21,1,0
2423,59,0,0,0,2,0,0,22.31,38.09,1,1
1690,196,1,0,1,0,1,1,1.83,13.89,1,0
2003,78,0,0,1,3,1,1,5.97,59.98,1,1
2166,184,0,0,1,4,1,1,10.69,89.68,1,1
2087,158,1,0,1,0,1,1,0.67,25.3,1,0
3338,72,0,0,1,0,1,1,0.01,17.4,1,0
3067,121,1,0,1,0,1,1,2.53,29.89,1,0
3803,143,1,1,1,4,1,0,16.18,33.84,1,1
251,127,1,0,1,1,1,1,4.81,11.88,1,0
1038,32,1,0,1,0,1,1,2.77,32.9,1,0
33,133,0,1,0,2,1,0,5.32,26.02,0,0
4015,2,1,0,1,0,1,1,3.14,22.16,1,0
2588,197,1,0,1,1,1,1,5.57,32.52,1,0
2549,165,0,0,1,6,0,1,8.14,23.21,1,1
1421,175,1,0,1,0,1,1,5.8,15.35,1,0
3387,157,1,0,0,1,1,1,2.63,8.22,1,0
3709,116,1,6,0,0,1,1,0.8,10.59,1,1
2430,9,1,0,1,0,1,1,1.31,13.89,1,0
4596,72,1,0,1,0,1,1,5.89,21.98,1,0
2887,69,0,0,0,1,1,1,10.29,94.7,1,1
3367,37,0,0,0,1,1,1,8.82,67.36,1,1
2431,16,0,0,1,0,1,1,1.86,18.27,1,0
4675,175,1,0,1,0,1,1,0.9,3.63,1,0
4791,198,0,0,1,5,0,0,8.6,31.67,1,1
1842,153,1,0,1,0,1,1,1.78,14.69,1,0
210,120,1,0,1,2,1,1,5.58,14.99,1,0
1968,165,0,0,0,4,1,1,13.92,73.95,1,1
4445,111,0,0,1,7,0,0,9.54,20.76,1,1
1964,34,1,0,1,0,1,1,2.59,10.09,1,0
4503,197,0,0,1,2,1,0,10.35,46.95,1,0
3528,44,1,1,0,2,1,1,2.65,17.06,1,1
4029,94,0,0,1,1,0,1,13.58,82.93,1,1
3731,73,1,0,1,4,0,0,16.89,37.83,1,0
631,168,1,0,1,0,1,1,2.68,24.32,1,0
2889,12,0,0,1,3,0,1,10.34,60.0,1,1
3262,75,0,0,0,5,0,1,19.94,48.75,0,1
1675,73,0,0,0,11,0,1,9.65,17.09,1,1
4322,115,0,0,0,2,0,1,17.56,30.09,1,1
1313,50,0,2,1,1,1,1,2.47,17.95,1,1
731,57,1,0,1,0,1,1,2.73,24.7,1,0
147,182,1,0,1,0,0,0,5.5,31.8,1,0
206,64,1,0,1,0,1,1,1.93,7.7,1,0
4502,152,1,0,1,1,1,1,4.95,17.44,1,0
684,192,1,1,0,5,1,0,7.09,17.37,0,1
4830,159,1,0,1,1,1,1,3.98,29.84,1,0
1950,49,1,0,1,1,1,0,3.02,20.45,1,0
752,97,1,0,1,3,1,1,0.61,3.93,1,0
2713,196,0,0,0,7,0,1,8.31,30.14,1,1
852,185,0,0,1,6,1,1,7.34,85.15,1,1
4526,66,0,0,0,11,0,1,4.64,18.85,1,1
4017,126,0,0,1,0,1,1,3.85,9.64,1,0
4032,182,0,0,0,2,1,1,15.43,29.94,1,1
1055,171,1,3,1,5,0,1,6.84,32.59,1,1
686,113,1,0,1,0,1,1,5.57,23.66,1,0
1595,128,1,0,1,0,1,1,5.98,34.29,1,0
2894,125,1,0,1,1,1,1,3.36,25.5,1,0
3857,49,1,0,1,1,1,1,3.78,10.25,1,0
407,162,1,0,1,0,1,1,5.6,4.15,1,0
2571,103,0,0,1,1,1,1,4.88,25.02,1,0
3178,34,0,0,1,2,0,1,11.14,88.15,1,1
905,139,1,0,1,1,1,1,0.16,14.13,1,0
3631,197,1,0,0,2,1,0,15.55,51.8,1,0
3091,128,0,6,1,3,1,1,3.59,34.29,1,1
110,198,1,1,1,5,1,1,5.89,55.75,1,1
4716,185,0,0,1,0,1,1,5.85,24.65,1,0
1532,18,1,0,1,1,1,1,5.37,17.91,1,0
3214,61,1,0,1,1,0,1,1.94,23.28,1,0
263,72,0,1,1,4,1,0,6.52,48.49,1,1
4639,154,0,0,1,3,0,1,9.77,30.36,0,0
3391,199,0,5,1,4,1,1,9.44,22.16,1,1
1822,21,1,0,1,3,1,1,4.92,30.79,1,0
2965,138,1,0,1,0,1,1,1.0,0.86,1,0
2028,186,1,5,1,1,0,1,7.75,19.8,1,1
2775,112,1,0,1,1,1,1,3.61,23.51,1,0
148,144,1,0,0,3,1,0,3.77,22.04,1,0
4300,6,1,0,1,2,1,1,1.33,28.86,1,0
1894,186,1,0,1,1,1,1,1.67,32.57,1,0
1285,63,0,0,1,1,1,1,3.44,32.4,1,0
4525,90,1,0,1,0,1,1,0.94,28.96,1,0
1326,38,1,0,1,1,0,1,0.13,22.09,1,0
4527,100,0,5,1,1,0,1,4.53,20.55,1,1
3233,161,1,0,1,0,1,1,0.35,27.21,1,0
1810,96,1,0,1,2,1,1,1.13,27.41,1,0
3730,150,1,0,1,0,1,1,0.7,22.88,1,0
2659,8,1,0,1,0,1,1,4.47,2.68,1,0
926,88,1,0,1,2,1,1,0.24,0.51,1,0
2922,150,1,0,1,3,1,1,6.57,45.17,0,0
2613,66,1,0,1,1,0,1,0.28,21.45,1,0
3910,148,0,0,1,9,0,0,11.64,8.31,0,1
4662,184,1,0,1,0,1,0,2.67,2.95,1,0
2358,40,0,0,0,1,0,1,17.15,93.09,1,1
79,46,0,0,1,11,0,1,4.29,41.37,0,1
4697,61,1,0,1,1,1,1,5.69,8.61,1,0
4653,78,1,0,0,0,1,1,4.06,30.61,1,0
768,157,1,1,1,2,0,1,5.71,42.14,1,1
1132,19,0,0,1,0,1,1,1.76,7.36,1,0
2917,46,0,0,0,6,1,1,18.06,73.28,1,1
4807,112,1,6,0,3,0,1,9.95,14.47,1,1
4491,74,1,0,1,2,1,1,5.49,9.28,1,0
3310,47,1,0,1,0,1,1,2.97,32.79,1,0
4016,77,0,3,1,2,0,1,1.88,27.09,1,1
1068,81,0,0,0,8,0,1,5.87,20.27,0,1
2939,89,1,0,1,0,1,1,3.56,5.72,1,0
3331,19,1,0,1,1,1,1,4.31,13.72,1,0
2398,174,1,0,1,2,1,1,17.25,26.56,0,0
4523,184,1,0,1,1,1,1,2.21,11.78,1,0
4896,1,1,0,1,0,1,0,0.57,23.06,1,0
3630,88,1,6,1,2,0,1,4.51,26.01,1,1
1934,11,0,0,0,4,1,1,18.45,82.22,1,1
4631,119,0,0,1,10,0,1,8.12,17.25,1,1
117,164,0,0,0,2,1,1,13.34,62.82,1,1
3994,13,0,0,0,4,0,1,21.57,42.03,0,1
4987,171,1,0,1,1,1,1,4.88,25.13,1,0
4684,90,0,0,1,2,1,1,2.87,32.51,1,0
1526,190,1,0,1,0,1,1,1.13,16.43,1,0
2678,109,1,0,1,1,1,1,2.11,6.07,1,0
998,30,0,0,0,1,1,1,16.95,59.65,1,1
2387,175,1,0,1,0,0,1,4.17,27.85,1,0
3455,113,1,0,1,0,1,1,1.01,16.12,1,0
4791,157,1,0,1,0,1,1,4.29,8.41,1,0
1123,131,1,0,1,2,1,1,2.59,14.45,1,0
3603,39,1,0,1,4,1,1,3.35,14.85,1,0
4203,63,1,0,1,0,1,1,2.89,24.07,1,0
1053,165,1,7,1,0,1,1,5.27,13.74,1,1
4753,188,1,0,1,0,0,1,4.41,4.23,1,0
2040,77,1,0,0,2,1,1,9.98,16.24,0,0
2387,136,1,0,1,1,1,1,0.49,2.97,1,0
3905,28,0,0,1,0,1,1,2.71,0.55,1,0
1059,166,0,0,1,9,0,1,4.41,35.39,0,1
4629,1,1,0,1,1,1,1,5.11,17.51,1,0
256,115,1,0,0,4,0,1,12.05,61.0,0,0
2140,97,1,0,1,1,1,1,3.13,30.39,1,0
826,82,1,0,1,0,1,1,1.93,27.19,1,0
4847,19,0,0,1,8,0,0,11.54,14.2,1,1
4694,157,1,0,1,4,1,1,16.0,55.01,0,0
4846,15,0,0,0,9,0,1,5.4,31.14,0,1
668,77,1,0,1,0,1,1,1.89,10.72,1,0
4755,4,1,0,1,1,1,1,1.17,25.29,1,0
1224,116,1,1,1,2,1,1,4.84,38.61,1,1
1949,21,1,3,1,0,0,1,3.09,17.36,1,1
1697,119,0,0,0,3,0,0,22.25,27.89,1,1
1094,182,1,3,0,7,1,1,7.57,37.85,1,1
2064,165,0,0,0,1,1,1,13.52,27.89,1,1
423,44,1,0,1,0,1,1,3.31,27.87,1,0
4574,158,1,0,1,1,1,1,3.22,25.11,1,0
3132,40,1,0,1,0,1,1,3.87,8.75,1,0
2777,177,1,0,0,2,1,1,11.39,35.11,0,0
4519,100,1,0,1,0,1,1,5.65,23.48,1,0
769,165,1,0,1,3,1,1,2.21,15.13,1,0
2322,77,0,0,0,4,1,1,12.83,73.23,1,1
4804,170,1,0,1,5,0,0,16.44,61.55,1,0
1517,38,1,0,1,3,0,1,16.81,32.41,1,0
2524,163,0,6,1,2,1,1,4.19,22.14,1,1
1043,106,1,6,0,2,1,1,2.08,24.45,1,1
2582,180,0,0,0,0,1,1,3.85,9.09,1,0
3640,14,0,1,1,2,0,0,12.46,60.21,0,1
1545,79,1,0,1,0,1,1,1.09,10.58,1,0
2569,92,1,2,1,2,1,1,14.61,29.44,1,1
3735,14,1,0,1,0,1,0,1.73,15.79,1,0
661,69,1,0,1,0,1,1,4.73,20.07,1,0
1525,92,1,0,1,1,1,1,1.51,17.18,1,0
126,44,1,0,1,0,1,1,0.12,11.27,1,0
1330,114,0,2,1,4,0,0,16.71,43.77,0,1
4310,169,1,0,1,1,1,1,4.73,8.18,1,0
3367,176,0,0,1,6,0,1,11.71,8.39,1,1
3518,62,1,0,1,0,1,1,2.93,29.78,1,0
3194,62,1,0,1,0,1,1,4.03,6.87,1,0
3817,199,1,0,1,2,1,1,1.22,4.46,1,0
2774,43,1,0,1,3,0,1,5.46,52.51,1,0
2194,16,1,0,0,3,1,0,13.47,19.56,0,1
2675,50,0,0,1,0,1,1,4.58,7.05,1,0
1837,91,1,0,1,1,1,1,2.53,7.08,1,0
980,197,1,0,1,4,1,1,12.2,25.51,1,0
4235,100,1,0,1,0,1,1,1.73,20.34,1,0
4714,95,1,0,1,0,1,1,4.03,9.47,1,0
1629,107,0,0,1,4,0,1,16.3,48.12,1,0
4997,193,0,0,1,0,1,1,3.93,2.8,1,0
3953,76,1,0,1,1,0,1,4.99,30.26,1,0
2008,48,0,2,1,5,1,1,0.17,37.09,1,1
2176,174,1,0,1,0,1,1,1.05,29.2,1,0
1415,41,0,0,1,3,1,1,9.21,61.08,1,1
2254,199,1,0,0,1,1,1,1.11,16.17,1,0
3912,129,1,0,0,2,1,1,17.77,44.93,1,0
3544,16,0,0,0,3,1,0,13.64,50.9,1,1
3706,100,0,0,0,3,0,1,24.76,41.55,1,1
1056,63,1,0,1,0,1,1,0.76,6.15,1,0
2313,155,0,0,0,4,1,1,22.73,34.3,1,1
2106,44,1,0,1,0,1,1,3.17,15.27,1,0
1600,56,0,3,1,5,1,1,0.9,39.71,1,1
1778,25,1,0,1,0,1,1,4.31,34.74,1,0
1732,143,0,0,1,6,0,0,12.23,19.44,1,1
3463,153,1,0,1,2,0,1,4.84,4.21,1,0
3529,41,1,1,0,5,1,0,6.42,56.15,1,1
1245,54,1,0,1,0,0,1,1.12,17.65,1,0
3648,33,0,0,0,11,0,0,4.49,19.24,1,1
3702,7,1,0,1,0,1,1,5.0,34.5,1,0
4087,85,1,0,1,0,1,1,0.8,5.56,1,0
129,166,1,0,0,0,1,1,1.53,10.67,1,0
464,21,0,0,1,10,0,0,7.82,18.2,1,1
2205,98,1,0,1,2,1,1,5.4,24.85,1,0
4688,191,0,0,0,2,1,0,15.92,29.27,1,1
2005,113,1,0,1,0,1,0,2.6,9.72,1,0
594,54,1,0,1,1,1,0,2.79,21.55,1,0
590,74,1,0,1,5,1,1,14.82,35.19,1,0
1541,71,0,0,1,5,0,0,7.76,24.55,1,1
1628,30,1,0,1,2,1,1,4.83,33.86,1,0
957,11,0,0,1,6,0,1,8.92,32.31,1,1
732,122,1,0,1,0,1,1,4.49,19.64,1,0
4992,159,0,0,1,4,0,1,9.9,65.85,1,1
4923,82,0,0,0,1,0,1,5.07,65.47,1,1
2771,74,1,0,1,3,1,0,8.07,45.43,1,0
4013,114,1,0,1,2,0,1,4.23,26.11,1,0
764,36,0,0,1,1,1,1,5.19,76.71,1,1
4434,10,0,0,1,2,1,1,6.22,79.01,1,1
2678,5,1,0,1,2,1,1,3.02,6.79,1,0
674,98,1,4,1,2,1,1,7.77,28.49,1,1
3750,38,0,0,1,5,1,1,16.99,57.92,1,1
3660,137,1,0,1,0,0,0,5.53,4.5,1,0
2994,63,1,0,1,0,1,1,5.67,15.55,1,0
3426,17,1,0,1,0,0,0,4.98,25.62,1,0
2920,190,0,0,1,1,0,1,18.83,60.87,1,1
4377,100,0,1,1,3,0,1,4.75,64.1,1,1
2353,144,1,0,1,1,1,1,3.95,22.45,1,0
4371,20,1,0,0,0,1,1,1.75,30.62,1,0
2819,115,1,0,1,2,1,1,5.07,20.38,1,0
3213,196,1,0,1,2,1,1,1.83,8.98,1,0
2127,139,0,0,0,2,0,1,14.12,69.02,1,1
1153,187,1,0,0,5,1,1,7.92,42.14,0,0
1518,198,1,0,1,0,1,1,3.29,21.45,1,0
4363,173,0,0,1,3,1,1,11.55,22.53,1,0
2356,198,0,0,1,1,1,1,6.24,60.03,1,1
2044,62,1,0,1,0,1,1,5.09,13.9,1,0
1358,53,1,0,1,3,1,1,4.79,4.45,1,0
4721,22,1,0,1,3,1,1,15.17,18.42,0,0
4849,23,0,0,1,8,0,0,3.39,11.86,1,1
2729,59,1,0,1,2,1,1,5.26,18.49,1,0
3229,47,1,0,1,1,1,1,3.01,18.9,1,0
614,154,1,0,0,3,0,1,7.44,27.21,1,0
4894,151,0,0,0,4,1,0,16.49,30.0,1,1
988,20,0,0,0,2,1,1,24.39,40.99,1,1
3768,143,0,0,0,1,1,1,15.23,66.9,1,1
1281,141,1,0,1,4,1,1,13.97,41.09,0,0
3716,30,1,0,1,0,1,1,5.64,26.43,1,0
3727,59,1,0,1,2,1,1,5.88,31.62,1,0
208,4,0,0,0,5,0,1,24.16,33.32,1,1
3307,130,1,0,1,0,1,0,2.1,32.53,1,0
883,147,1,0,1,0,1,1,0.21,33.94,1,0
3881,3,0,0,0,3,0,1,24.1,37.23,1,1
997,19,1,0,1,1,1,0,1.54,16.28,1,0
4204,180,1,0,0,5,0,1,12.32,52.78,1,0
3719,111,1,0,1,0,1,0,1.8,22.63,1,0
3271,64,1,0,1,1,1,1,2.11,15.62,1,0
3376,142,0,0,0,2,1,1,19.74,70.87,1,1
2781,167,1,0,1,1,1,1,3.19,23.71,1,0
3097,18,1,0,1,3,1,0,4.14,25.51,1,0
2180,13,1,0,1,2,1,1,2.27,14.63,1,0
664,131,1,0,1,2,1,1,14.47,23.76,1,0
4461,181,0,1,1,2,1,1,4.64,20.33,1,1
2945,4,1,0,1,1,1,1,0.78,19.49,1,0
3255,57,1,0,1,1,1,1,4.02,33.97,1,0
4733,69,0,0,1,5,1,1,4.59,63.9,1,1
2726,128,1,0,1,1,1,1,2.8,8.4,1,0
1036,119,1,0,1,1,1,1,3.38,4.2,1,0
4262,17,0,0,1,1,1,1,11.33,68.71,1,1
2528,134,1,0,1,0,1,1,4.13,19.85,1,0
1501,13,1,0,1,1,1,0,0.36,10.69,1,0
660,187,1,0,1,1,1,1,1.12,1.43,1,0
2240,148,1,0,1,0,1,1,2.58,22.68,1,0
1919,6,1,0,1,5,1,0,16.85,38.61,1,0
2578,37,0,0,1,5,0,1,10.57,11.41,1,1
420,49,0,0,0,3,0,1,22.94,48.6,1,1
3273,20,0,0,0,4,0,0,13.66,40.16,0,1
675,87,0,0,0,4,1,1,17.26,24.64,1,1
274,78,0,0,0,4,0,1,6.4,80.8,1,1
4585,104,1,1,1,4,0,1,6.8,29.78,1,1
2337,81,1,0,1,0,1,1,0.53,23.93,1,0
4881,80,1,0,1,0,0,0,0.62,6.03,1,0
4026,30,0,0,1,0,1,1,1.83,17.34,1,0
3697,103,1,0,1,2,1,1,0.54,1.14,1,0
3242,197,0,3,1,0,0,1,4.12,15.1,1,1
495,88,1,0,1,3,1,1,11.45,64.57,1,0
3018,178,0,0,0,3,1,1,7.91,74.13,1,1
3042,168,0,0,0,9,0,1,9.17,39.93,1,1
4722,159,1,0,1,2,0,1,3.39,15.68,1,0
4605,105,0,0,0,3,1,1,6.55,41.39,0,0
2911,147,1,0,1,1,1,1,2.26,12.71,1,0
4149,6,0,1,1,2,0,0,4.06,62.04,1,1
3627,91,1,0,1,0,1,1,4.17,26.8,1,0
4170,66,0,0,1,0,0,1,2.73,26.85,1,0
1826,87,0,5,0,1,1,1,2.59,28.25,1,1
1522,113,1,0,1,1,1,1,5.92,6.31,1,0
3370,117,1,1,1,2,0,1,7.34,12.1,1,1
2789,84,1,0,1,0,1,1,4.7,21.79,1,0
789,28,1,0,1,0,1,1,0.23,31.56,1,0
2775,172,1,0,1,2,1,1,2.0,23.43,1,0
3089,95,1,0,1,0,0,1,2.89,26.46,1,0
4493,171,1,0,1,0,1,1,1.17,26.25,1,0
3206,114,0,2,1,1,1,1,8.59,23.88,1,1
4216,75,0,3,0,7,1,1,7.16,12.63,1,1
1652,24,1,0,1,0,1,1,2.33,15.53,1,0
572,79,1,0,1,1,1,1,5.78,11.97,1,0
4842,23,1,0,1,0,1,0,5.55,15.52,1,0
2754,86,0,1,1,3,0,1,4.63,25.09,1,1
3980,48,1,0,1,1,1,1,1.03,30.53,1,0
2747,14,1,0,1,0,1,1,4.51,12.95,1,0
615,46,1,0,1,1,1,1,1.12,11.6,1,0
2878,141,1,0,1,0,1,1,1.97,15.89,1,0
4475,23,1,0,1,0,1,0,0.18,3.69,1,0
855,160,1,0,0,5,0,1,12.21,27.68,1,0
4571,106,1,0,1,0,0,1,1.16,28.77,1,0
4038,150,1,0,1,1,1,1,1.46,23.5,1,0
4472,36,1,0,1,1,1,1,4.83,7.85,1,0
257,160,1,0,1,4,1,1,3.28,2.25,1,0
108,133,1,1,1,5,0,1,5.58,38.76,1,1
4349,180,1,0,1,0,1,1,1.23,27.6,1,0
738,85,1,0,0,4,1,0,7.13,27.35,1,0
2711,31,1,0,1,1,1,0,0.11,21.09,1,0
3949,16,1,7,1,8,0,1,6.83,34.31,1,1
505,103,0,0,0,1,0,0,14.13,54.36,1,1
499,115,1,0,1,4,0,0,8.46,40.44,0,1
2740,69,1,0,0,4,1,0,4.22,38.85,0,1
1843,79,1,0,1,1,1,1,0.17,3.95,1,0
762,87,1,0,1,1,0,1,4.97,5.51,1,0
4852,36,0,0,0,9,0,1,11.37,43.97,1,1
1682,111,1,0,1,0,1,1,4.24,23.19,1,0
289,130,0,0,1,1,1,1,2.9,17.17,1,0
3134,31,1,0,1,1,1,1,5.77,26.94,1,0
3775,132,0,1,1,4,1,1,12.23,26.21,1,1
3529,47,1,0,1,1,1,1,2.59,22.47,1,0
705,104,1,7,0,1,1,1,7.03,15.82,1,1
2724,163,0,0,0,10,0,1,8.5,8.77,1,1
247,87,0,0,0,1,0,1,18.39,65.13,1,1
3565,110,1,0,1,4,0,1,5.03,8.07,1,0
585,71,0,0,0,9,0,1,10.22,43.85,1,1
2449,186,1,0,1,3,1,1,5.62,23.63,1,0
186,158,1,0,1,3,1,1,8.12,43.69,1,0
3619,3,1,1,1,4,1,1,14.41,18.37,0,0
2039,51,1,5,1,2,0,1,0.17,25.44,1,1
942,112,1,0,1,2,1,1,1.78,0.02,1,0
1997,146,1,0,0,0,1,1,3.99,24.81,1,0
1597,29,1,0,0,2,1,1,3.52,20.33,1,0
701,26,1,0,1,1,1,1,0.81,10.13,1,0
4122,189,1,0,1,0,1,1,2.24,7.32,1,0
1197,189,1,0,1,1,1,1,1.02,3.72,1,0
3811,145,0,0,1,2,1,1,6.44,15.96,1,0
2668,33,0,0,1,7,0,1,8.44,10.42,1,1
3563,10,1,0,1,2,1,1,1.16,30.79,1,0
3056,125,0,0,0,0,0,1,11.48,61.94,1,1
4070,13,1,0,1,1,1,1,5.98,31.41,1,0
2588,41,1,0,1,0,1,1,6.0,3.67,1,0
2323,135,1,0,1,1,1,1,4.77,21.88,1,0
2557,92,1,0,0,1,1,0,1.27,2.6,1,0
4652,175,0,0,1,2,1,1,17.57,26.8,1,0
2343,195,1,0,1,0,1,1,1.77,8.13,1,0
1643,181,0,0,1,0,1,1,1.15,22.34,1,0
3755,40,0,0,0,0,1,1,12.94,59.41,1,1
2916,135,1,0,1,2,1,1,4.17,7.66,1,0
3022,50,0,0,0,1,1,1,0.62,1.82,1,0
3139,43,1,0,1,0,1,1,2.5,25.21,1,0
1613,35,0,1,0,2,1,1,4.89,33.79,1,1
4938,14,0,0,0,3,0,1,12.15,91.62,1,1
2045,151,0,5,0,1,1,1,4.01,26.24,1,1
2101,74,1,0,1,1,0,1,4.94,27.37,1,0
3865,166,1,6,1,2,0,1,5.11,15.61,1,1
1676,83,1,0,1,0,1,1,3.32,21.56,1,0
803,180,0,0,1,2,1,1,4.01,1.42,1,0
978,54,1,0,1,1,1,1,1.67,1.26,1,0
4836,85,0,0,1,10,0,0,7.19,29.71,1,1
1717,133,1,1,0,5,1,1,12.62,32.91,1,1
3978,7,0,0,0,5,0,1,13.37,68.73,1,1
155,99,1,0,1,1,1,1,1.49,17.73,1,0
1888,195,1,0,1,1,1,1,4.18,14.41,1,0
42,179,0,0,0,0,0,0,24.86,31.8,0,1
4389,151,1,6,1,4,0,1,6.57,10.16,1,1
4607,42,1,0,1,0,1,1,2.53,4.59,1,0
489,181,0,0,1,9,0,1,14.3,41.39,1,1
265,116,0,0,1,1,1,0,4.39,6.56,1,0
3243,150,0,0,0,5,0,1,9.71,25.99,1,1
3561,121,0,6,1,3,0,1,0.57,33.33,1,1
4307,57,1,0,1,0,1,1,1.54,19.74,1,0
1671,57,1,0,1,1,1,1,0.62,6.32,1,0
2046,14,1,0,1,0,1,0,5.45,18.14,1,0
4332,25,1,0,1,1,1,1,1.83,3.03,1,0
3202,94,1,0,1,3,1,1,5.79,7.53,1,0
3909,114,1,0,1,3,1,1,3.6,6.22,1,0
1829,119,1,0,1,0,1,1,0.75,7.02,1,0
402,94,1,0,1,1,1,1,2.67,29.26,1,0
4502,21,1,0,1,5,1,1,5.66,50.02,1,0
4662,46,0,5,0,3,1,1,1.87,34.14,1,1
1547,95,1,0,1,1,1,1,0.82,34.82,1,0
351,147,1,0,1,0,1,1,5.01,24.86,1,0
3710,109,0,0,0,5,1,1,23.4,45.92,1,1
3191,140,1,0,1,2,1,1,4.95,12.71,1,0
1781,123,1,0,1,0,1,1,3.23,34.83,1,0
2091,105,0,0,1,9,0,1,9.14,27.79,1,1
3204,52,1,0,1,1,1,1,0.43,18.98,1,0
3505,157,1,0,1,0,1,1,1.97,13.02,1,0
1377,104,0,0,1,1,1,1,7.47,64.57,1,1
1923,86,0,0,0,1,1,0,21.32,23.01,0,1
936,126,1,0,0,0,1,1,0.34,1.84,1,0
3982,22,1,0,1,0,1,1,2.92,32.72,1,0
2774,29,1,0,1,5,0,1,4.06,45.22,1,0
2131,137,1,0,1,1,1,0,4.17,34.43,1,0
4576,179,0,0,0,1,0,1,7.86,78.09,1,1
405,1,1,0,1,1,1,1,1.49,20.66,1,0
2069,199,0,0,1,5,0,1,7.36,16.33,0,1
2216,145,0,0,0,2,0,1,13.49,74.93,1,1
55,189,1,7,0,4,0,1,2.53,29.45,1,1
2119,146,1,0,1,3,1,0,3.21,1.32,1,0
1284,79,1,0,1,1,1,1,2.49,16.42,1,0
3814,188,1,0,1,1,1,1,2.39,10.58,1,0
51,53,1,0,1,0,1,0,4.53,9.29,1,0
497,97,0,0,1,5,0,1,8.14,37.62,1,1
3816,93,1,0,1,1,1,1,0.34,20.57,1,0
4406,181,1,0,1,2,1,1,0.72,31.9,1,0
2361,64,1,0,1,1,1,1,1.49,21.6,1,0
1781,8,0,0,0,6,0,0,13.66,28.56,1,1
550,131,1,0,1,2,1,1,0.38,21.11,1,0
917,23,1,0,0,3,0,1,1.87,11.22,1,0
66,167,1,0,1,0,1,0,2.9,11.59,1,0
1234,11,1,0,0,4,0,1,4.44,63.85,0,0
1301,48,0,0,1,1,1,1,4.27,8.3,1,0
704,198,1,0,1,3,1,1,2.09,5.58,1,0
1780,85,1,0,1,2,1,1,4.46,11.45,1,0
1576,107,0,0,1,0,1,1,1.16,13.63,1,0
2455,51,1,1,0,2,1,0,13.7,29.62,1,1
3727,83,0,3,1,0,1,1,3.6,10.92,1,1
4630,159,1,0,1,5,0,0,4.71,45.47,1,0
3083,163,1,2,0,4,1,1,5.56,38.1,0,0
1461,67,1,0,1,1,1,1,4.45,1.1,1,0
3091,98,1,0,1,0,0,1,5.91,28.84,1,0
3241,197,1,0,1,0,1,1,4.39,22.42,1,0
2608,194,1,0,1,2,1,1,4.82,31.56,1,0
4626,175,1,0,0,0,1,1,0.27,15.33,1,0
2110,83,0,0,0,1,1,1,22.56,50.89,1,1
2585,86,1,0,1,1,1,1,4.06,16.66,1,0
4648,133,1,0,1,0,1,1,2.58,31.63,1,0
2159,102,0,0,1,0,0,1,2.48,17.25,1,0
1544,123,1,0,1,0,1,1,4.25,24.98,1,0
1204,40,1,0,1,0,1,1,4.36,3.76,1,0
2429,124,1,0,1,1,1,1,2.7,12.08,1,0
4065,35,0,0,0,3,0,0,23.68,32.42,1,1
3271,80,1,0,1,0,1,1,0.93,23.33,1,0
2625,124,1,0,1,0,1,1,2.55,14.89,1,0
1186,198,1,0,1,0,1,1,1.91,8.4,1,0
522,28,1,0,1,0,1,1,2.82,19.41,1,0
581,177,0,0,0,0,1,1,15.39,68.31,1,1
626,24,1,0,1,1,1,1,2.6,28.68,1,0
376,47,1,0,1,0,1,1,3.68,7.22,1,0
438,29,1,0,1,3,1,1,3.89,11.86,1,0
3926,79,1,0,1,0,1,0,2.96,10.36,1,0
3998,171,1,0,1,5,1,1,7.44,26.31,1,0
4030,121,1,0,1,2,1,1,0.66,7.98,1,0
951,59,1,0,1,1,1,0,5.67,10.98,1,0
4367,79,1,0,1,0,1,1,5.85,8.16,1,0
3606,126,1,0,1,0,1,1,2.5,13.19,1,0
1263,72,1,0,1,1,1,1,5.48,19.8,1,0
1898,139,1,0,1,0,1,1,0.63,25.21,1,0
4350,9,1,0,1,1,1,1,4.52,0.72,1,0
1029,14,0,0,0,0,1,1,19.33,46.97,1,1
1973,147,1,0,1,1,1,1,0.82,29.72,1,0
1708,4,1,0,1,3,1,1,5.14,17.17,1,0
3596,47,0,2,1,5,1,1,12.01,38.62,1,1
1801,146,0,2,0,3,0,1,5.84,64.38,1,1
447,76,0,0,1,1,1,0,3.14,16.48,1,0
191,148,1,0,1,2,1,1,5.69,32.9,1,0
364,145,0,0,0,7,0,0,12.83,9.41,1,1
3039,70,0,0,1,8,0,1,10.61,15.55,1,1
1185,131,0,0,0,3,1,1,19.16,35.49,0,1
1279,161,1,0,1,3,1,1,4.77,33.92,1,0
930,197,1,0,1,2,0,1,8.54,58.21,1,0
2187,179,1,0,1,1,1,1,2.66,21.92,1,0
471,198,1,0,1,0,1,1,2.41,15.02,1,0
4955,66,1,0,0,2,1,1,9.92,27.62,1,0
4955,150,0,0,1,6,0,1,12.38,19.77,0,1
3848,71,1,0,1,1,1,1,5.75,7.72,1,0
3415,158,1,0,1,0,1,1,5.99,27.32,1,0
2782,138,1,0,1,0,1,1,3.6,30.15,1,0
1971,88,1,0,1,0,1,1,1.05,24.17,1,0
3562,41,1,0,1,0,1,1,4.74,21.21,1,0
1742,42,0,0,1,6,0,0,11.85,14.2,1,1
1364,52,1,0,1,0,0,0,0.85,7.47,1,0
154,109,1,0,1,1,1,1,3.94,8.41,1,0
970,71,1,0,1,0,1,1,5.22,2.92,1,0
2855,54,1,0,1,1,1,1,2.13,25.17,1,0
2284,143,0,0,0,1,1,1,24.94,52.51,1,1
1219,153,1,0,1,1,1,1,1.59,4.53,1,0
3630,67,1,0,1,0,1,1,0.25,18.46,1,0
2113,198,1,6,1,4,0,1,5.03,17.46,1,1
63,28,0,1,1,5,0,1,11.5,50.39,0,1
3481,15,1,0,1,0,1,1,0.39,15.53,1,0
154,139,0,0,0,1,1,0,15.18,38.41,1,1
3137,37,1,0,1,4,0,0,11.61,59.98,1,0
3431,84,1,0,1,1,1,1,4.61,14.62,1,0
1847,64,0,0,0,5,1,1,19.46,88.43,1,1
3200,158,1,0,1,2,1,1,4.84,0.13,1,0
1761,75,0,0,0,4,0,1,10.91,90.76,1,1
3685,8,1,0,0,3,1,0,11.31,47.66,0,1
4515,88,1,0,1,0,1,1,5.67,4.96,1,0
2396,149,1,0,1,0,1,1,2.33,22.35,1,0
4499,58,1,0,1,0,1,1,1.29,7.74,1,0
3710,7,1,0,1,5,1,0,8.5,30.42,1,0
569,91,1,2,1,1,1,1,7.29,19.39,1,1
3525,148,0,0,1,2,1,1,19.75,60.41,1,1
581,95,1,0,1,2,1,1,1.69,14.88,1,0
3958,80,1,0,1,2,1,1,5.49,5.47,1,0
2647,90,1,0,1,2,1,1,0.75,30.63,1,0
2069,184,0,0,0,3,1,1,6.37,77.82,1,1
988,35,1,0,1,2,1,1,0.72,14.91,1,0
3613,48,1,2,1,6,1,1,2.14,37.81,1,1
2354,148,0,0,1,2,0,0,13.72,44.39,0,0
1132,156,1,0,1,0,1,1,4.51,31.72,1,0
3057,92,1,0,1,0,1,1,0.14,22.8,1,0
1232,19,1,0,1,1,1,1,3.5,33.61,1,0
4091,80,0,0,0,3,1,0,21.66,39.68,1,1
4947,120,0,1,1,5,1,0,16.41,46.9,1,1
4551,196,0,5,0,2,1,1,1.41,14.55,1,1
2094,95,1,0,0,1,1,1,0.98,15.49,1,0
842,111,0,0,1,5,1,0,16.96,29.49,1,0
2986,99,1,0,1,1,1,1,4.11,32.64,1,0
893,33,0,2,1,5,0,1,7.63,47.88,0,1
1136,8,0,0,1,0,1,1,4.37,28.46,1,0
1779,68,1,4,1,3,1,1,1.69,36.24,1,1
3316,120,0,2,1,5,1,0,8.65,34.68,1,1
3390,144,1,0,1,0,1,1,0.04,18.32,1,0
114,177,1,0,1,0,1,1,0.09,26.75,1,0
4821,161,1,0,1,5,0,0,11.93,59.35,1,0
423,167,0,0,0,1,1,1,10.08,58.33,1,1
414,102,1,0,1,2,1,1,0.47,14.26,1,0
4944,139,0,0,1,1,1,0,5.8,18.43,1,0
4719,8,1,0,1,1,1,1,3.51,25.79,1,0
758,4,1,0,1,0,1,1,4.7,12.25,1,0
3664,10,0,0,0,1,1,1,17.16,37.71,1,1
3473,74,1,0,1,1,1,1,4.78,16.08,1,0
1969,115,1,0,1,0,1,1,2.59,3.06,1,0
3017,181,1,0,1,1,1,1,0.18,25.33,1,0
3630,116,1,0,1,2,1,1,4.04,6.27,1,0
1248,124,1,0,1,1,1,1,1.79,19.0,1,0
2340,119,1,0,1,1,1,1,0.33,0.09,1,0
3159,41,1,0,1,0,1,1,1.31,3.09,1,0
4569,187,0,0,1,6,0,0,12.41,28.77,1,1
4881,126,1,0,1,1,0,1,2.67,4.96,1,0
4686,9,1,0,1,0,1,1,0.13,21.14,1,0
2510,116,0,0,0,1,1,1,13.05,90.56,1,1
4711,131,1,2,1,4,1,1,4.68,38.13,0,0
1768,136,1,0,1,0,1,1,4.44,5.0,1,0
86,188,1,0,1,4,1,1,14.98,61.51,1,0
698,132,1,0,0,2,1,1,2.82,17.57,1,0
4688,15,1,0,1,3,1,1,2.39,11.09,1,0
1391,134,1,0,1,1,1,1,4.23,15.62,1,0
451,83,1,0,1,2,1,1,15.88,39.15,1,0
2572,69,1,0,1,0,0,1,1.81,1.31,1,0
862,56,1,0,1,2,1,1,1.96,10.48,1,0
1752,126,1,0,1,3,1,1,3.15,24.75,1,0
3389,20,1,0,1,0,0,1,1.47,19.61,1,0
3421,38,1,0,1,0,1,1,0.14,2.79,1,0
1786,99,0,0,0,1,0,1,24.63,24.36,1,1
4041,153,1,0,1,1,1,0,0.66,20.95,1,0
226,105,1,0,1,1,1,1,3.26,22.88,1,0
2712,172,1,0,0,3,1,1,4.04,2.27,1,0
1905,19,1,0,1,0,1,1,1.65,9.56,1,0
835,188,1,0,1,1,1,1,2.67,4.8,1,0
2921,84,1,0,1,1,1,1,4.98,22.92,1,0
4136,191,1,0,1,0,1,1,2.46,28.38,1,0
3383,149,1,0,1,1,1,1,5.34,15.72,1,0
1859,115,1,0,0,4,1,1,8.63,40.15,1,0
1186,84,1,0,0,2,1,0,16.25,42.88,1,0
4545,113,1,0,1,1,1,1,5.72,21.22,1,0
4274,42,1,0,1,0,1,1,0.83,26.16,1,0
2516,64,1,0,1,3,1,1,4.13,7.69,1,0
4432,186,1,0,1,0,1,1,3.85,2.27,1,0
3178,130,0,0,1,9,0,1,12.63,39.61,1,1
3927,98,1,0,1,1,0,1,4.92,7.33,1,0
461,59,1,0,1,0,1,1,3.95,1.77,1,0
3457,196,1,0,1,0,0,1,3.06,13.3,1,0
1587,65,1,2,0,4,1,0,5.0,56.42,1,1
4740,80,1,0,1,1,1,1,1.98,1.48,1,0
3952,194,1,0,1,1,1,1,5.58,0.19,1,0
1178,153,1,0,1,1,1,1,5.08,32.0,1,0
3139,137,1,0,1,0,1,1,2.09,26.7,1,0
3189,166,1,0,1,0,1,1,4.35,12.61,1,0
2404,71,0,0,0,3,1,1,20.5,43.65,1,1
2981,7,1,0,1,0,1,1,4.13,13.11,1,0
1506,94,1,0,1,2,1,1,4.51,17.95,1,0
3952,171,0,7,1,1,0,1,8.83,29.62,1,1
1224,117,0,0,0,9,0,1,7.35,34.53,1,1
4151,182,1,0,1,3,0,1,9.03,31.98,0,0
3542,121,0,2,1,5,0,1,5.58,33.07,1,1
4601,78,1,0,1,1,1,1,4.16,1.39,1,0
3942,42,0,0,0,4,0,1,21.14,31.34,1,1
624,60,1,0,1,0,1,1,1.37,6.12,1,0
4356,87,1,0,1,0,1,1,4.36,15.96,1,0
3480,155,0,0,1,0,0,1,2.56,19.19,1,0
2583,98,1,0,1,3,1,1,1.61,18.63,1,0
2154,15,1,0,1,0,1,1,3.28,34.71,1,0
4876,170,0,0,0,5,0,1,9.95,26.19,1,1
290,100,1,0,1,0,1,1,0.42,8.96,1,0
816,135,1,0,1,1,1,1,3.5,7.24,1,0
1418,56,1,0,1,0,1,1,0.01,7.83,1,0
4254,98,1,0,1,0,1,1,4.46,20.33,1,0
4613,123,1,0,1,0,1,1,0.2,19.95,1,0
3076,66,0,0,0,4,0,0,21.96,40.87,1,1
3150,165,1,0,1,1,1,1,0.7,7.16,1,0
4897,135,1,0,1,1,1,1,1.77,0.48,1,0
4178,44,1,0,1,0,1,1,5.3,24.78,1,0
502,147,1,2,1,2,1,1,5.51,43.07,1,1
4853,97,1,7,0,3,0,1,7.5,11.74,1,1
2368,126,1,0,1,1,1,1,4.34,24.24,1,0
3496,174,1,0,1,0,1,1,4.68,10.17,1,0
3604,137,1,0,1,0,1,1,1.04,10.0,1,0
2722,4,1,5,0,2,1,1,5.26,25.0,1,1
2632,161,1,0,1,5,1,0,15.87,51.15,1,0
2365,185,0,0,0,8,0,0,12.37,41.92,1,1
4774,70,0,0,0,3,0,1,15.31,25.39,1,1
3138,5,1,0,0,1,1,1,4.4,22.31,1,0
784,146,1,0,1,0,1,1,2.17,14.3,1,0
3333,182,1,2,0,3,1,1,1.77,18.93,1,1
4749,166,0,1,1,5,1,1,17.82,46.35,1,1
4178,48,1,0,1,4,1,1,5.76,39.73,1,0
3378,52,1,0,1,1,1,1,1.57,18.38,1,0
236,178,1,0,1,2,1,1,5.58,29.07,1,0
1504,168,0,0,1,5,1,0,11.46,58.64,0,1
3810,4,1,0,1,3,0,0,9.17,43.22,1,0
3125,60,1,0,0,0,1,1,0.76,18.28,1,0
3255,61,0,0,0,4,0,1,14.92,65.88,1,1
1694,77,1,0,1,0,1,1,5.73,11.66,1,0
1665,85,1,0,1,4,0,0,11.89,17.84,1,0
3319,57,1,0,1,1,1,1,2.93,2.88,1,0
4564,198,1,0,1,0,1,1,1.18,31.39,1,0
2931,57,0,0,0,2,1,1,22.87,40.01,1,1
4315,113,1,0,1,1,1,0,2.01,17.83,1,0
1588,31,1,0,1,0,1,1,4.46,15.33,1,0
2577,170,0,0,0,5,0,0,17.74,35.11,1,1
1737,23,1,0,1,1,1,1,3.02,29.06,1,0
3189,199,0,0,0,3,1,1,9.78,49.83,1,0
3070,87,0,0,1,4,0,0,7.0,24.25,0,1
4805,139,1,0,0,2,1,1,4.08,7.87,1,0
1170,63,1,0,1,2,1,1,1.97,15.19,1,0
1310,35,1,0,1,3,0,1,8.11,47.74,0,0
3241,130,0,0,1,0,0,1,5.05,58.47,1,1
3471,48,0,0,1,5,1,0,12.95,58.48,1,1
34,28,1,0,1,0,1,1,1.52,11.58,1,0
4892,196,0,0,1,9,0,0,14.65,27.43,0,1
2089,137,1,0,0,1,0,1,5.65,18.24,1,0
1715,58,0,0,1,10,0,1,11.28,23.6,1,1
980,76,0,0,1,0,1,0,2.26,2.21,1,0
17,120,1,0,1,2,1,1,5.74,4.66,1,0
253,38,1,0,1,1,1,1,1.03,14.91,1,0
3631,192,1,0,1,1,1,1,3.35,11.37,1,0
3507,191,1,0,1,2,1,0,5.39,55.85,1,0
1986,25,1,0,1,0,1,1,0.37,24.29,1,0
4465,111,0,2,1,3,0,0,10.44,31.36,1,1
4805,197,1,3,1,3,1,1,6.07,36.67,1,1
1590,52,1,0,1,1,1,1,2.7,20.51,1,0
583,159,0,7,1,6,0,1,9.44,10.63,1,1
4531,125,1,0,1,0,1,1,0.59,30.17,1,0
254,73,1,0,1,1,1,0,5.09,22.03,1,0
3627,177,1,0,1,0,1,0,4.57,31.27,1,0
4622,13,0,0,1,0,1,1,5.83,19.68,1,0
2213,159,1,0,1,0,1,1,1.87,15.74,1,0
850,123,0,0,1,5,0,0,12.29,15.87,0,1
3727,8,1,0,1,2,0,1,15.42,16.82,0,0
418,44,1,0,1,0,1,0,3.58,25.89,1,0
3430,186,0,0,1,6,0,1,9.46,24.05,1,1
4760,18,0,0,1,6,0,1,6.37,35.21,1,1
3654,198,1,0,1,3,1,1,6.87,57.94,1,0
4140,118,0,0,0,9,0,1,14.8,17.31,1,1
4848,138,1,0,1,0,1,0,5.51,23.56,1,0
2275,115,1,0,1,0,1,1,5.01,14.71,1,0
3505,145,1,0,1,1,1,1,3.85,31.54,1,0
2576,99,1,0,1,0,1,1,5.86,14.17,1,0
3252,23,0,6,1,2,1,1,2.96,37.93,1,1
655,176,0,0,0,5,0,1,17.09,84.08,1,1
2080,135,1,0,1,1,1,1,4.76,17.4,1,0
957,62,0,0,1,6,0,0,7.05,33.98,1,1
3196,104,0,0,1,3,1,0,10.71,39.08,1,0
3349,126,0,0,0,1,1,1,5.69,65.78,1,1
2236,102,0,0,1,5,0,1,5.52,44.46,1,1
785,168,1,0,1,0,1,1,3.09,5.79,1,0
4361,199,1,0,1,0,1,0,5.75,29.65,1,0
846,61,0,1,1,5,1,1,6.92,51.02,1,1
1139,141,1,0,1,4,1,1,13.32,56.68,1,0
1724,57,1,0,1,0,1,1,5.68,11.81,1,0
3945,104,1,0,0,0,1,0,1.12,32.71,1,0
1192,176,1,0,1,0,1,1,4.8,8.46,1,0
2381,73,0,0,1,9,0,0,9.55,8.42,0,1
3055,126,1,0,1,0,1,0,3.87,22.29,1,0
3594,57,0,3,1,1,1,1,4.55,23.98,1,1
1111,11,1,0,1,2,0,1,10.96,52.93,0,0
3117,187,1,0,1,2,1,1,4.42,21.05,1,0
1137,140,0,0,0,2,1,0,20.17,28.1,1,1
4182,15,1,0,1,5,1,1,9.58,16.31,1,0
2078,84,1,0,1,2,1,1,3.62,23.89,1,0
2640,16,1,0,1,1,1,1,4.87,25.96,1,0
2692,164,0,0,1,5,0,0,12.63,7.84,1,1
733,85,1,0,1,1,1,1,4.64,8.29,1,0
4687,72,1,0,1,0,1,0,0.37,18.74,1,0
4634,121,1,0,1,1,1,1,0.68,20.88,1,0
2702,115,1,0,1,0,1,1,0.43,13.89,1,0
3484,7,0,0,1,0,0,1,11.11,68.69,1,1
3749,194,0,0,0,11,0,0,13.02,11.57,1,1
790,41,1,0,1,2,1,1,1.54,18.5,1,0
3739,172,1,0,1,0,1,1,2.28,26.43,1,0
1341,154,0,0,1,8,0,0,6.96,15.17,1,1
4323,100,0,0,0,6,0,1,20.42,35.94,0,1
3838,5,1,0,1,2,1,1,0.11,30.41,1,0
4120,26,0,0,0,5,1,1,16.16,45.56,0,1
2561,104,0,0,1,6,0,1,9.31,15.22,1,1
248,127,1,0,0,3,1,1,16.35,17.01,1,0
349,131,1,0,1,1,1,1,1.04,7.81,1,0
1936,3,0,0,1,2,1,1,12.83,93.39,1,1
59,88,0,7,1,2,0,1,8.82,36.88,1,1
4758,33,1,0,1,0,0,1,4.39,18.02,1,0
4285,68,0,0,1,1,1,1,0.78,7.12,1,0
1292,138,1,0,1,0,1,1,1.02,6.64,1,0
4995,160,1,0,1,0,1,0,2.34,25.96,1,0
2356,118,1,0,1,0,1,1,5.09,31.1,1,0
2715,173,0,2,0,4,1,1,11.71,63.01,1,1
1264,58,1,0,1,1,1,0,3.62,28.01,1,0
3646,52,1,0,1,0,1,0,0.13,27.11,1,0
4781,82,1,0,1,0,1,1,0.4,22.69,1,0
4381,63,1,0,1,1,1,1,2.51,32.02,1,0
4403,101,0,0,1,0,1,1,5.01,19.54,1,0
485,92,1,6,1,4,0,1,3.99,30.36,1,1
2875,195,1,0,1,2,1,1,4.02,25.65,1,0
1851,152,1,0,0,3,0,1,9.52,22.97,0,0
2353,141,1,0,1,0,0,1,4.64,34.3,1,0
1885,110,1,0,1,1,1,1,2.4,22.34,1,0
3149,77,1,0,1,1,1,1,0.77,33.17,1,0
950,181,1,0,1,0,1,1,1.23,10.55,1,0
1804,59,0,6,1,1,0,1,2.75,27.45,1,1
4273,15,1,1,0,3,0,1,5.67,47.66,1,1
708,143,1,0,1,2,1,1,5.12,20.01,1,0
1243,118,1,0,1,2,1,1,2.99,34.62,1,0
4429,147,1,0,1,2,1,1,1.75,16.43,1,0
2617,156,0,0,1,0,1,1,3.73,11.69,1,0
3808,123,0,0,1,0,0,1,16.14,84.54,1,1
4440,168,0,0,0,1,0,1,13.54,94.34,1,1
1349,26,0,0,1,1,1,1,5.88,17.93,1,0
2976,21,1,0,1,0,1,1,4.01,26.15,1,0
4177,5,0,4,0,2,0,1,8.05,26.22,1,1
4283,84,1,0,1,2,1,1,1.48,22.42,1,0
1808,119,0,0,1,9,0,1,13.78,41.37,1,1
2065,127,1,0,1,0,1,0,1.18,16.98,1,0
1272,116,0,0,1,1,1,1,9.06,72.32,1,1
2011,100,1,0,1,2,1,1,3.38,22.89,1,0
3581,68,1,0,1,3,1,1,4.57,27.07,1,0
4142,90,0,0,0,4,1,0,17.5,16.1,1,1
627,153,0,1,1,5,1,1,11.03,15.85,1,1
2480,147,1,0,1,1,1,1,1.96,17.46,1,0
1007,151,1,0,1,1,1,1,0.59,28.12,1,0
4707,96,0,0,1,7,0,1,4.48,43.59,1,1
1894,110,1,0,1,0,1,0,5.45,34.88,1,0
3677,22,1,0,0,0,1,1,1.03,30.56,1,0
3970,126,1,0,1,0,1,1,3.53,7.44,1,0
2335,47,1,0,1,1,0,1,5.75,6.14,1,0
4253,198,1,0,1,2,1,1,2.09,31.23,1,0
1295,44,1,2,1,3,0,1,5.54,48.49,1,1
3915,188,1,0,1,0,1,1,4.5,17.85,1,0
2480,85,1,0,1,0,1,1,2.85,3.42,1,0
172,9,1,0,1,1,1,1,0.83,15.04,1,0
318,93,1,0,1,2,1,1,0.37,30.9,1,0
4558,109,0,0,1,0,1,1,18.26,68.05,1,1
2576,38,1,0,1,2,0,1,16.61,27.45,1,0
852,152,1,0,1,1,1,1,5.2,22.27,1,0
2447,24,1,0,0,2,1,1,12.11,30.83,1,0
1003,199,0,0,1,11,0,1,8.99,37.68,1,1
3248,63,0,0,0,9,0,1,3.58,11.19,1,1
1748,78,0,0,1,11,0,1,5.58,19.91,1,1
949,53,1,0,1,0,1,1,4.55,11.71,1,0
2977,154,0,0,1,0,1,0,5.47,24.57,1,0
4833,118,0,5,1,6,1,1,7.43,22.32,1,1
2481,109,1,0,1,1,1,1,4.86,8.34,1,0
4938,65,0,0,0,11,0,0,12.36,6.61,1,1
2694,114,1,0,1,0,0,1,5.86,30.57,1,0
4220,10,1,0,1,2,1,1,0.06,15.48,1,0
1668,102,1,0,1,2,1,1,3.9,26.78,1,0
3166,8,0,0,0,11,0,0,3.6,17.71,1,1
2304,60,1,0,1,0,1,1,0.43,27.95,1,0
4674,75,1,0,1,1,1,0,4.53,21.71,1,0
4976,62,1,0,1,1,1,1,2.36,11.08,1,0
4875,187,0,0,0,4,0,1,17.02,46.49,0,1
713,129,1,0,1,3,1,1,13.74,51.45,1,0
13,3,1,0,1,1,1,0,1.88,28.7,1,0
2808,159,1,0,1,2,1,0,13.52,39.51,0,0
3084,95,1,2,0,5,1,1,11.21,17.1,0,0
1354,16,1,0,1,0,1,1,2.31,25.8,1,0
4391,68,1,7,0,2,1,1,9.84,34.26,1,1
2645,189,1,0,1,1,1,1,3.57,14.53,1,0
4084,46,1,0,1,0,1,1,5.1,14.5,1,0
3323,29,1,0,1,0,1,1,4.47,26.78,1,0
1268,15,1,0,1,3,1,1,3.35,29.75,1,0
550,134,1,0,1,3,1,1,2.33,21.46,1,0
2206,26,1,1,1,3,1,1,15.69,38.98,1,1
2123,90,1,0,1,5,1,1,9.9,41.71,1,0
4508,118,1,0,1,1,1,1,0.46,10.72,1,0
1653,76,1,0,1,5,1,1,12.01,39.33,1,0
3145,160,1,0,1,2,1,1,6.27,41.76,1,0
2825,199,1,0,1,0,0,1,3.19,14.29,1,0
1772,166,0,0,1,0,1,1,4.79,33.08,1,0
4443,124,0,0,0,2,1,1,17.39,39.31,1,1
985,61,0,0,0,3,1,0,15.45,40.07,0,1
1714,5,0,0,0,1,1,1,16.15,36.83,1,1
2312,97,1,0,1,2,1,0,2.32,14.22,1,0
343,40,1,0,1,0,1,1,0.69,11.0,1,0
3535,161,0,0,1,1,0,1,16.5,84.1,1,1
1399,142,1,0,1,1,1,1,4.26,9.55,1,0
318,41,1,0,1,0,1,1,5.9,8.46,1,0
4711,50,1,0,0,1,1,1,2.96,11.86,1,0
573,26,0,0,1,0,1,1,5.41,32.42,1,0
1033,32,1,0,1,0,1,1,4.03,28.91,1,0
1848,96,1,0,1,0,1,1,5.94,8.37,1,0
2663,142,1,5,0,6,0,1,0.07,24.58,1,1
262,37,1,0,1,0,1,1,1.29,1.3,1,0
2325,53,0,5,1,2,1,1,7.73,26.07,1,1
4659,108,1,0,1,0,1,1,2.74,27.48,1,0
758,199,1,0,1,2,1,1,4.49,7.46,1,0
4715,195,0,0,1,3,0,1,8.08,71.09,1,1
2069,199,1,0,1,1,1,1,0.42,6.5,1,0
3292,42,1,0,1,1,1,1,1.86,15.8,1,0
1503,49,1,0,1,1,1,1,1.88,3.71,1,0
2294,149,1,0,1,1,1,1,2.12,16.05,1,0
4660,15,1,0,1,0,1,1,0.33,32.98,1,0
2312,26,1,0,1,0,1,1,4.76,34.67,1,0
3067,166,0,0,1,0,1,1,0.37,25.24,1,0
4443,32,0,0,0,7,0,0,10.86,18.71,1,1
4006,6,1,0,1,0,1,1,5.9,9.41,1,0
143,26,0,0,1,10,0,0,14.19,9.68,0,1
1452,193,1,0,1,1,1,1,4.12,33.66,1,0
2800,106,1,0,0,0,1,1,5.82,1.96,1,0
8,69,1,0,1,2,1,1,1.89,24.51,1,0
1389,159,1,0,1,0,1,1,1.11,27.73,1,0
1773,117,1,0,1,2,1,1,3.46,31.14,1,0
1660,141,1,1,1,5,0,0,17.39,30.52,1,1
1876,82,1,0,1,3,0,1,4.98,1.42,1,0
3213,198,1,0,1,0,1,1,5.77,15.54,1,0
4907,48,0,0,1,3,1,1,16.15,64.84,1,1
4514,72,0,0,0,2,0,1,16.08,90.84,1,1
3157,61,1,0,1,0,1,1,0.33,34.06,1,0
1788,140,1,0,1,3,1,1,0.56,18.23,1,0
1206,41,1,1,0,2,0,1,15.78,28.85,0,0
3458,131,1,0,1,1,1,1,5.77,8.81,1,0
1565,165,1,0,1,0,1,1,4.51,0.62,1,0
4247,89,1,0,0,2,0,0,5.94,24.24,1,0
3340,103,1,0,1,0,1,1,4.3,33.02,1,0
2725,186,0,0,0,1,1,0,21.35,49.3,1,1
4584,19,0,0,0,9,0,0,8.76,33.02,0,1
299,189,1,0,1,4,1,0,0.57,34.96,1,0
3725,131,0,0,0,1,0,0,15.24,39.57,1,1
2947,169,1,0,1,0,1,1,5.39,29.03,1,0
2210,42,0,0,1,1,1,0,5.0,27.46,1,0
4497,143,1,0,1,0,1,1,2.61,21.81,1,0
4874,83,0,0,0,2,1,1,18.54,90.46,1,1
906,18,0,2,1,2,1,1,1.96,22.82,1,1
768,7,1,0,1,0,1,1,2.56,4.57,1,0
4026,103,1,0,1,0,1,1,0.04,16.35,1,0
2514,40,1,0,1,0,1,1,1.62,20.67,1,0
4355,7,1,0,1,2,0,1,5.44,1.94,1,0
3411,103,1,2,1,2,0,1,17.35,30.59,1,1
3328,140,1,0,1,1,1,1,5.56,14.09,1,0
2641,44,0,0,1,3,0,1,13.3,73.26,1,1
3256,90,1,0,0,2,1,1,5.77,18.76,1,0
4734,11,1,0,1,1,1,1,4.07,29.13,1,0
2759,39,0,0,1,1,1,1,1.94,9.03,1,0
3650,30,1,0,1,1,1,1,0.1,19.24,1,0
527,7,0,0,1,6,0,0,7.9,38.72,1,1
4459,54,1,0,1,0,0,1,4.97,33.88,1,0
2239,137,0,0,0,2,0,0,15.29,33.56,0,1
117,130,1,0,1,0,1,1,0.39,20.37,1,0
3907,141,1,0,1,1,1,1,0.42,12.65,1,0
4434,94,1,0,1,0,1,1,3.64,23.55,1,0
4359,170,1,0,1,0,1,1,0.49,22.99,1,0
4677,63,1,0,0,5,1,0,15.11,25.61,1,0
1331,172,1,0,1,0,1,0,4.28,0.13,1,0
3288,149,1,0,1,0,1,1,1.04,29.49,1,0
3465,84,0,2,1,2,0,1,7.89,16.98,1,1
4826,77,1,0,1,2,1,1,2.82,1.72,1,0
3846,194,1,0,1,2,1,1,4.01,3.27,1,0
3601,73,1,0,1,1,1,1,0.17,0.52,1,0
2328,166,0,0,0,7,1,1,24.98,26.31,1,1
2949,102,0,2,0,3,1,0,10.67,64.59,1,1
828,122,1,0,1,0,1,1,3.3,10.15,1,0
4676,123,0,0,1,1,1,1,0.29,28.72,1,0
4901,72,1,0,1,3,1,1,2.15,32.01,1,0
4275,176,1,1,1,3,1,1,16.13,30.2,1,1
3096,140,0,0,1,2,0,1,12.71,55.86,1,1
2887,16,1,0,1,4,1,1,1.28,9.49,1,0
2079,155,1,0,1,1,1,1,4.38,18.59,1,0
1898,145,0,0,0,2,1,1,17.45,53.9,1,1
67,176,1,0,1,2,1,0,5.9,30.28,1,0
3958,197,0,0,0,1,0,1,23.03,52.31,1,1
1482,60,0,0,1,4,1,1,9.47,58.24,1,1
4113,146,1,0,1,0,1,1,5.7,11.88,1,0
121,110,0,0,1,5,0,1,4.1,30.43,1,1
3131,180,1,0,1,1,1,1,5.6,17.08,1,0
3528,158,1,0,1,1,1,0,1.97,31.79,1,0
2423,162,1,0,1,1,1,0,0.61,30.41,1,0
3391,33,0,0,0,1,1,1,11.25,72.12,1,1
533,131,1,0,1,0,1,1,4.76,30.6,1,0
3431,22,1,0,1,1,0,1,3.25,22.17,1,0
2916,21,0,0,0,5,0,1,12.19,28.3,1,1
4227,108,1,0,1,0,1,1,3.59,16.09,1,0
403,160,1,0,1,3,0,1,8.49,55.86,1,0
3890,17,1,0,1,2,1,1,4.61,28.1,1,0
1946,160,1,0,1,3,1,1,1.22,24.27,1,0
1099,179,1,0,1,1,1,1,3.06,25.17,1,0
1166,135,1,0,1,1,1,1,1.97,5.54,1,0
1196,2,1,0,0,5,1,0,8.74,52.58,1,0
2537,157,1,2,1,3,1,0,13.78,59.34,0,1
3888,31,1,0,1,0,1,1,3.35,6.47,1,0
4834,74,1,0,1,0,1,1,1.27,18.2,1,0
2363,109,1,0,1,0,1,1,3.65,8.55,1,0
1383,112,0,0,0,3,0,1,15.0,67.94,1,1
1128,61,1,0,1,3,0,1,10.32,57.9,1,0
3160,115,1,0,1,0,1,1,1.89,7.86,1,0
3741,9,0,0,0,4,0,0,21.93,51.58,1,1
4371,183,1,0,1,1,1,1,1.32,25.7,1,0
2570,69,1,0,1,0,0,1,3.51,9.83,1,0
336,133,0,0,0,2,1,0,15.16,44.71,1,1
2491,141,1,0,1,3,1,1,2.59,15.61,1,0
360,188,1,0,1,0,1,1,0.4,20.82,1,0
2971,51,1,0,1,0,1,1,5.19,8.45,1,0
2783,10,1,0,1,0,1,1,5.07,32.35,1,0
876,174,0,0,0,1,1,1,16.16,60.59,1,1
1659,102,1,5,1,1,1,1,6.09,16.94,1,1
4152,118,0,0,0,5,1,1,16.97,31.84,1,1
2512,163,1,0,1,0,1,1,5.59,7.24,1,0
992,141,1,0,0,1,1,1,2.64,17.37,1,0
2734,44,0,0,1,5,0,0,12.58,30.17,1,1
1369,93,1,0,1,0,1,1,1.38,6.15,1,0
4686,33,0,0,1,11,0,0,14.49,12.03,1,1
4495,100,0,0,1,0,1,1,13.63,83.26,1,1
3053,41,1,0,1,0,1,1,1.09,29.9,1,0
4229,14,0,0,0,1,1,1,5.65,69.55,1,1
2857,170,1,0,1,0,1,1,5.63,27.32,1,0
4278,62,1,0,1,3,1,1,0.82,11.77,1,0
690,117,1,0,1,4,1,1,1.83,6.16,1,0
2043,170,0,0,0,2,1,1,8.9,80.15,1,1
461,39,0,0,0,2,0,0,21.24,46.35,1,1
558,1,0,2,1,0,0,1,3.91,33.87,1,1
3524,185,1,0,1,2,1,1,0.22,23.04,1,0
179,160,1,0,1,4,1,0,16.79,51.97,1,0
1452,143,1,0,1,1,1,1,2.24,13.58,1,0
3629,125,1,0,1,1,1,1,2.99,32.6,1,0
2164,118,1,0,1,1,1,1,5.0,10.61,1,0
3045,70,1,0,1,3,1,1,16.9,18.79,1,0
2897,100,0,2,0,1,1,1,5.85,14.41,1,1
4951,148,1,0,1,1,1,1,3.8,4.44,1,0
2939,141,1,0,1,0,1,1,2.24,18.43,1,0
4265,62,1,0,1,1,0,1,3.61,2.26,1,0
637,45,0,0,1,1,0,1,11.13,76.72,1,1
1061,24,0,0,1,0,1,1,5.49,12.96,1,0
2974,55,1,0,1,0,1,0,2.75,0.89,1,0
688,120,0,0,0,1,0,1,16.73,23.24,1,1
542,115,1,0,1,1,1,1,5.26,7.57,1,0
3600,2,1,0,1,2,1,1,3.66,9.62,1,0
3594,117,1,0,1,1,1,1,0.97,8.73,1,0
3780,58,0,5,1,1,0,1,4.08,34.82,1,1
4658,29,1,0,1,0,1,1,5.71,26.67,1,0
189,92,0,0,0,3,0,1,18.23,30.32,0,1
776,93,1,0,1,0,0,1,4.1,2.49,1,0
782,112,1,0,1,0,1,1,4.27,29.47,1,0
4736,135,0,0,1,5,0,1,8.79,28.28,1,1
4720,159,1,0,0,4,0,1,16.69,52.84,1,0
1027,29,1,0,1,0,1,1,4.94,20.53,1,0
1941,64,0,2,0,6,0,1,2.4,37.58,1,1
2971,129,1,0,1,2,1,1,0.78,23.67,1,0
1601,69,1,0,1,0,1,1,4.19,27.31,1,0
4392,152,0,0,0,2,1,1,19.49,84.55,1,1
1709,164,1,0,1,0,1,1,0.9,29.81,1,0
1422,52,1,0,1,2,1,1,4.07,31.58,1,0
611,73,0,0,0,11,0,1,10.55,39.39,1,1
3779,186,1,0,1,0,1,1,3.79,25.41,1,0
2414,4,0,0,1,1,0,1,13.76,65.99,1,1
4366,154,1,0,1,2,1,1,2.54,1.47,1,0
3482,158,1,0,1,0,1,1,1.03,19.16,1,0
4487,79,1,0,1,0,1,1,1.12,33.28,1,0
4758,193,1,0,1,5,1,0,15.74,64.47,1,0
1649,65,1,0,1,0,1,1,3.76,34.28,1,0
610,136,1,0,1,0,1,1,2.06,16.09,1,0
1232,24,1,0,1,0,1,1,0.38,4.61,1,0
3073,125,0,0,0,1,1,1,5.92,86.67,1,1
2473,159,1,0,0,4,1,1,12.75,60.21,1,0
1461,23,0,0,1,0,1,1,3.21,26.25,1,0
2259,155,1,0,1,1,1,1,2.06,0.67,1,0
4794,178,1,0,1,1,1,1,2.12,31.2,1,0
2924,183,1,7,1,2,0,1,4.7,15.72,1,1
2210,67,1,0,0,0,1,1,1.04,19.14,1,0
818,142,0,2,1,4,1,0,17.68,64.28,1,1
3440,89,1,0,1,2,1,0,0.19,9.05,1,0
1172,105,1,2,0,2,1,1,8.15,19.84,1,1
107,123,1,0,1,2,1,1,3.94,13.48,1,0
1619,115,1,0,1,0,1,1,3.64,3.14,1,0
756,62,0,0,0,3,1,1,16.95,75.73,1,1
532,5,1,0,1,2,0,0,16.49,63.43,1,0
4651,116,0,0,1,10,0,1,5.04,33.07,0,1
2919,19,1,0,1,0,0,1,3.33,28.87,1,0
4827,56,0,0,0,3,0,1,10.84,59.07,1,1
4037,80,0,0,0,3,0,1,13.77,47.89,1,1
4436,193,1,0,1,1,1,1,2.0,18.26,1,0
1263,69,1,0,1,0,1,1,2.18,17.55,1,0
2569,190,1,0,1,2,1,1,1.64,28.04,1,0
4079,147,1,4,1,3,1,1,4.56,29.09,1,1
4837,71,0,0,1,2,1,1,15.76,72.56,1,1
241,113,1,0,1,1,0,1,0.41,34.72,1,0
3055,194,1,0,1,2,1,1,3.46,12.44,1,0
4555,20,1,0,0,4,1,1,4.23,39.81,1,0
4268,101,1,0,1,1,1,1,5.59,25.22,1,0
2842,132,1,0,1,2,1,1,7.54,41.97,1,0
758,196,0,0,0,2,1,1,12.85,88.81,1,1
3467,10,1,0,1,1,1,1,5.82,15.88,1,0
925,17,1,0,1,1,1,1,4.62,7.37,1,0
1272,22,1,0,1,1,1,1,4.42,30.9,1,0
338,111,1,0,1,0,1,1,5.77,29.56,1,0
3686,120,1,0,1,0,1,1,2.17,7.47,1,0
3604,20,0,0,1,11,0,0,7.99,17.64,1,1
1834,99,1,0,1,0,1,1,0.34,3.87,1,0
3390,27,1,0,1,2,1,0,3.84,14.49,1,0
4874,92,1,0,1,0,1,1,2.65,5.72,1,0
4362,25,1,0,1,2,1,1,1.04,24.32,1,0
3855,68,0,0,1,0,1,1,1.46,32.45,1,0
4876,183,1,0,1,0,1,1,3.91,29.13,1,0
1141,11,1,0,1,2,1,0,1.39,31.41,1,0
3933,139,1,4,0,4,0,1,2.48,26.1,1,1
1572,116,1,0,1,1,1,1,4.81,13.9,1,0
3458,194,1,5,0,3,1,1,1.77,19.69,1,1
4432,177,1,0,1,0,1,1,4.8,8.88,1,0
421,60,1,0,1,5,1,0,17.78,42.11,1,0
907,43,1,0,1,1,1,1,0.44,30.28,1,0
4383,118,1,0,1,0,1,1,2.54,29.74,1,0
885,191,0,0,1,8,0,1,3.35,43.61,1,1
3719,62,0,0,1,10,0,0,3.01,28.11,0,1
1958,46,0,0,0,1,0,0,21.63,26.76,1,1
1398,10,0,0,1,2,0,1,11.57,80.86,1,1
4211,1,0,0,0,5,0,1,20.54,24.93,1,1
1944,74,0,6,1,3,1,1,0.75,24.83,1,1
4499,84,1,0,1,0,1,1,1.78,3.22,1,0
4219,144,1,0,1,2,1,1,3.49,8.88,1,0
3541,41,0,0,1,0,1,1,15.55,65.97,1,1
2772,44,1,0,1,0,1,1,3.31,5.06,1,0
1161,90,1,0,1,0,1,1,3.16,4.94,1,0
419,39,1,0,1,3,1,0,16.96,53.69,1,0
2316,164,0,0,0,5,0,1,10.52,9.71,0,1
38,103,1,0,1,0,1,1,4.52,19.37,1,0
3282,111,1,0,1,0,1,1,5.47,4.87,1,0
2823,117,0,0,1,3,1,0,8.26,64.87,1,1
4894,5,1,0,1,1,1,1,0.68,32.69,1,0
1543,125,1,1,1,4,1,0,14.5,54.39,1,1
2780,101,1,0,1,1,1,1,2.12,20.43,1,0
3117,81,0,0,1,7,0,0,7.34,44.45,1,1
2437,138,1,0,1,1,0,1,4.99,29.62,1,0
1740,70,0,0,0,3,1,1,18.64,94.9,1,1
4011,84,0,0,0,3,0,0,16.05,20.56,1,1
3446,6,1,0,1,2,1,1,1.52,30.44,1,0
1132,126,1,0,1,1,1,1,3.12,14.94,1,0
3151,138,1,0,1,2,1,1,7.47,24.25,0,0
365,53,1,0,1,0,1,1,5.12,6.03,1,0
4175,166,1,0,1,3,0,1,13.05,61.16,0,0
248,27,0,0,1,8,0,1,6.5,19.46,1,1
2613,160,1,0,1,1,0,0,4.82,28.32,1,0
2923,126,1,0,1,1,1,1,3.88,1.22,1,0
1768,99,1,0,1,1,1,1,2.16,24.05,1,0
4054,152,1,0,1,2,1,1,5.44,4.29,1,0
2328,69,1,0,1,1,1,1,1.43,25.49,1,0
1400,130,0,0,1,2,1,1,0.96,13.94,1,0
262,119,0,0,1,7,0,0,7.04,43.34,1,1
940,149,1,0,1,2,0,1,5.58,4.4,1,0
4714,21,0,0,1,0,1,1,3.18,5.65,1,0
3091,40,0,0,0,5,1,1,15.48,65.15,1,1
4723,128,1,0,1,0,1,1,3.31,19.52,1,0
993,49,1,0,1,2,1,1,4.09,31.11,1,0
1149,150,1,0,1,0,1,0,2.79,18.99,1,0
4812,175,1,0,1,0,1,1,4.79,28.11,1,0
1240,53,1,0,1,0,1,1,3.9,11.52,1,0
1251,167,0,0,0,2,1,1,15.57,39.07,1,1
1432,108,0,0,1,0,1,1,2.83,0.47,1,0
750,197,0,3,1,5,0,1,9.22,21.18,1,1
1644,80,1,0,0,2,1,1,3.57,23.03,1,0
2634,166,1,0,1,0,1,1,4.44,22.07,1,0
4900,25,1,0,1,0,1,1,5.51,1.64,1,0
4030,40,1,0,1,1,0,1,4.3,14.59,1,0
4761,88,1,5,1,4,1,1,9.15,21.0,1,1
1572,110,1,0,1,0,1,1,1.3,28.33,1,0
2915,26,1,0,1,2,1,1,2.79,29.26,1,0
1632,191,0,0,0,3,0,1,22.39,48.7,0,1
2647,11,1,0,1,1,1,1,0.59,21.67,1,0
4262,26,1,0,1,1,1,1,3.88,1.57,1,0
2369,54,1,0,1,1,1,0,0.7,20.88,1,0
1943,165,1,0,1,2,1,1,1.91,25.31,1,0
4404,80,1,0,1,0,1,1,3.19,4.4,1,0
4231,20,0,0,1,4,1,0,7.14,60.28,1,1
3510,94,0,2,1,3,0,1,5.02,16.33,1,1
96,128,1,0,1,4,1,1,5.08,17.68,1,0
2253,113,1,6,0,3,1,1,2.65,16.97,1,1
2062,56,0,0,0,1,1,1,8.99,92.98,1,1
4735,46,0,5,1,2,0,1,2.0,20.45,1,1
2024,33,0,1,1,5,1,0,17.57,60.93,1,1
3992,115,1,0,0,3,1,0,13.82,47.31,0,1
1207,76,1,0,1,1,0,1,2.5,21.79,1,0
1750,16,0,0,1,0,0,1,7.21,94.73,1,1
3879,14,1,1,1,3,1,0,11.12,47.98,0,1
4534,172,1,0,1,2,1,0,1.72,12.83,1,0
4468,160,1,0,1,2,1,1,14.11,57.74,1,0
2577,132,0,0,0,3,1,1,5.15,48.53,1,0
2536,107,0,0,1,11,0,1,13.21,34.9,1,1
4344,21,0,0,1,5,1,1,17.75,58.1,1,1
875,168,1,0,1,1,1,1,3.03,26.04,1,0
216,93,1,0,0,4,1,1,16.24,19.88,1,0
3361,190,0,0,1,0,1,1,3.7,19.49,1,0
4678,56,0,0,1,1,0,1,11.86,75.8,1,1
1448,68,1,1,1,3,1,1,4.62,33.46,1,1
1311,194,1,0,1,1,1,1,1.91,1.79,1,0
2295,72,1,0,1,1,1,1,2.44,31.61,1,0
1269,34,0,0,0,3,1,1,18.96,61.54,1,1
4080,25,0,0,0,2,0,1,6.2,72.75,1,1
772,150,1,0,1,0,1,1,4.06,4.61,1,0
4488,106,0,4,1,3,1,1,9.11,16.7,1,1
2401,44,1,0,1,1,1,1,0.52,7.8,1,0
810,118,1,2,1,5,1,1,9.87,22.07,1,1
3812,39,1,0,1,2,1,1,2.02,34.98,1,0
1997,163,1,0,1,2,0,1,14.01,54.55,1,0
1287,185,0,0,1,4,1,1,17.44,62.68,1,1
773,125,0,0,1,0,1,1,1.69,29.43,1,0
1297,163,1,0,1,0,1,1,5.66,28.63,1,0
2511,29,1,0,0,3,1,1,1.71,13.16,1,0
2068,13,1,0,1,0,1,1,3.56,5.19,1,0
4189,174,1,0,1,1,1,1,2.73,23.37,1,0
1848,196,1,0,1,0,1,1,0.41,19.24,1,0
3724,160,0,0,0,2,1,1,22.18,22.88,0,1
3543,69,1,0,1,1,1,1,0.94,29.75,1,0
4349,113,1,0,1,1,1,1,3.3,8.77,1,0
3181,78,0,0,1,10,0,1,11.57,9.02,0,1
3026,96,1,0,1,0,1,1,4.72,11.0,1,0
1577,37,1,0,0,2,1,1,15.54,31.67,1,0
2355,82,1,0,1,0,1,1,4.98,24.64,1,0
296,6,1,0,1,0,1,1,1.02,9.35,1,0
1487,74,1,0,0,1,1,1,1.8,34.66,1,0
568,105,0,0,0,3,1,1,13.72,51.04,1,1
887,137,1,0,1,0,1,0,3.84,32.87,1,0
143,55,0,0,0,1,0,1,20.93,39.19,1,1
2398,126,1,0,1,0,1,0,1.87,0.44,1,0
4365,21,0,0,1,2,1,1,3.82,25.88,1,0
3931,59,0,1,1,4,1,1,4.88,39.41,1,1
694,159,0,0,0,4,0,1,16.77,42.84,0,1
4200,139,0,0,0,2,1,1,22.55,36.89,1,1
2130,100,1,0,1,1,0,1,1.37,31.8,1,0
1110,18,0,0,1,1,1,1,1.52,31.82,1,0
1524,75,0,0,1,8,0,1,8.19,9.33,1,1
4799,139,1,0,1,1,1,1,2.24,9.47,1,0
144,51,1,0,1,0,1,1,5.18,22.79,1,0
250,58,1,0,1,0,1,1,3.29,2.33,1,0
4906,180,1,0,1,0,1,1,2.1,24.79,1,0
4273,11,1,0,1,0,1,1,2.8,1.84,1,0
1473,157,1,0,1,1,1,1,1.87,10.72,1,0
213,55,1,0,1,1,1,1,0.84,20.42,1,0
2922,69,1,0,1,2,1,1,5.63,18.69,1,0
2649,67,1,0,1,3,1,1,2.66,16.95,1,0
3386,105,0,0,1,6,0,0,4.08,21.86,1,1
1926,9,1,0,1,2,1,1,3.82,24.73,1,0
1450,154,1,0,1,0,1,1,0.77,30.87,1,0
1231,119,0,0,0,4,1,1,14.53,59.67,1,1
4326,77,0,0,0,1,1,1,18.53,41.67,0,1
4613,174,1,1,1,2,1,1,9.45,44.64,1,1
852,147,0,6,0,4,0,1,0.73,37.22,1,1
1218,184,1,0,1,0,1,1,4.89,32.46,1,0
99,153,1,0,1,0,1,1,0.06,3.55,1,0
2060,156,1,0,1,0,1,1,4.49,9.53,1,0
2781,104,1,0,1,0,1,1,1.37,18.43,1,0
3208,116,1,5,0,0,1,1,5.96,26.49,1,1
4193,119,1,0,1,0,1,1,4.1,23.13,1,0
2551,27,1,0,1,2,1,1,2.38,25.14,1,0
1485,179,1,0,1,2,1,1,3.14,14.96,1,0
2073,115,0,0,1,9,0,1,7.58,43.23,1,1
2592,165,0,0,1,3,0,1,10.11,48.5,0,0
1459,101,1,0,1,2,0,1,15.69,62.14,1,0
2610,122,1,0,1,1,1,1,5.17,17.21,1,0
3389,15,1,0,1,2,1,1,0.94,1.09,1,0
2723,55,1,0,1,0,1,1,3.09,24.81,1,0
2543,43,0,0,1,2,1,1,15.59,63.84,1,1
2923,93,1,0,1,0,1,1,5.09,26.31,1,0
2753,22,1,0,1,2,1,1,0.4,20.38,1,0
3158,62,1,0,1,0,1,0,3.17,23.17,1,0
2607,167,1,0,1,1,1,1,1.99,1.98,1,0
3970,45,0,0,0,2,0,0,10.15,59.33,1,1
4114,103,1,0,1,1,1,1,5.36,6.02,1,0
2359,18,1,0,1,0,1,1,1.94,29.98,1,0
4619,10,0,0,1,4,1,0,5.47,54.82,1,0
4780,152,1,0,1,0,1,1,1.33,4.2,1,0
2416,131,1,5,0,3,1,1,6.55,26.61,1,1
2015,106,0,0,0,0,1,1,5.85,12.99,1,0
3369,175,0,1,1,4,1,1,2.11,30.97,1,1
4509,167,0,6,0,2,0,1,2.09,12.98,1,1
3680,122,1,0,1,0,1,1,1.48,23.39,1,0
3478,155,0,0,1,1,0,1,16.78,63.34,1,1
3497,173,0,0,1,5,0,1,5.87,35.92,1,1
2900,61,1,0,1,0,1,1,4.47,7.47,1,0
3549,198,1,0,1,0,1,0,4.57,1.5,1,0
2176,7,1,0,1,0,1,1,1.89,21.75,1,0
1574,111,1,0,1,2,1,1,3.96,26.75,1,0
376,89,1,0,1,3,1,1,2.14,27.73,1,0
3924,119,1,0,1,0,1,1,3.11,23.71,1,0
1447,24,1,0,0,1,1,1,1.88,16.09,1,0
4681,163,1,1,1,2,1,0,17.96,49.04,1,1
3135,89,0,4,1,2,1,1,7.75,13.32,1,1
2173,103,0,0,1,4,1,1,7.29,53.01,1,0
4600,38,1,0,1,0,1,1,3.89,17.59,1,0
2808,172,1,5,0,5,1,1,2.17,22.42,1,1
3965,30,1,0,0,0,1,1,1.99,11.04,1,0
1519,86,1,0,1,0,1,1,0.94,8.21,1,0
1217,150,1,0,0,2,1,1,4.03,28.19,1,0
1732,27,1,0,1,0,1,1,3.38,12.48,1,0
4971,106,0,0,0,2,1,1,7.88,78.26,1,1
699,33,1,0,1,0,1,1,4.39,14.7,1,0
1772,13,0,3,1,4,1,1,6.38,19.97,1,1
1886,17,1,0,0,2,1,0,16.93,29.72,1,0
2530,154,1,0,1,1,1,0,1.26,18.15,1,0
254,188,1,0,1,1,1,1,2.08,1.23,1,0
3011,96,1,0,1,0,1,1,3.98,23.52,1,0
2984,116,1,0,1,3,1,1,0.18,7.16,1,0
3407,32,1,0,1,2,1,1,1.02,13.46,1,0
1227,106,1,0,0,4,0,1,11.09,38.07,0,0
2512,162,1,0,1,2,0,1,16.66,26.77,0,0
2557,118,1,0,0,3,1,0,16.06,20.74,1,0
3286,50,1,0,1,2,1,1,4.38,12.16,1,0
791,107,1,0,0,4,1,1,15.54,52.96,1,0
2616,187,1,0,1,0,1,1,1.86,16.13,1,0
1389,150,0,0,1,1,1,1,5.18,18.39,1,0
2934,169,0,0,0,3,1,1,5.77,85.79,1,1
846,9,1,0,1,0,1,1,2.23,8.91,1,0
388,129,1,1,1,5,1,0,14.18,56.86,1,1
2135,12,1,0,1,1,1,1,3.16,25.61,1,0
4645,9,0,0,1,5,1,1,6.59,25.31,1,0
575,154,0,0,0,7,0,1,7.78,24.76,0,1
2416,25,1,0,1,0,1,1,4.66,4.57,1,0
4020,67,1,0,1,0,1,1,2.91,19.02,1,0
1824,28,1,0,1,1,1,1,3.27,23.94,1,0
1360,25,0,0,1,1,1,0,5.62,3.33,1,0
1697,178,1,0,1,0,1,0,3.79,15.67,1,0
4245,84,1,0,1,0,1,1,4.38,32.91,1,0
3477,90,1,0,1,0,1,1,5.46,4.3,1,0
2845,40,0,0,0,2,0,1,16.19,52.3,1,1
1873,37,0,0,1,4,0,0,17.61,55.43,1,1
3343,119,1,0,0,0,1,1,0.61,29.9,1,0
543,66,0,4,1,2,1,1,6.49,39.6,1,1
4744,24,0,0,0,2,1,1,15.2,82.19,1,1
2662,163,0,0,1,1,0,1,5.75,65.67,1,1
2670,20,1,0,1,1,1,1,4.87,26.13,1,0
494,195,0,2,1,1,1,1,5.66,39.19,1,1
2419,36,1,0,1,3,1,1,10.72,34.09,1,0
3979,94,0,6,1,8,0,1,4.51,38.25,1,1
105,150,1,0,1,1,1,1,3.97,31.61,1,0
4745,130,1,0,1,2,1,1,5.23,30.16,1,0
4960,125,0,0,0,3,0,0,24.82,54.08,1,1
2491,69,1,0,1,1,0,1,1.79,8.41,1,0
3788,128,0,0,0,4,0,1,23.81,20.87,1,1
685,137,0,0,1,5,0,1,13.67,29.44,0,1
1224,168,1,0,1,2,1,1,5.37,8.7,1,0
69,48,1,0,0,2,1,1,4.28,24.08,1,0
4801,42,0,0,0,1,1,1,6.5,83.47,1,1
4929,103,1,0,1,1,1,0,4.66,22.77,1,0
4368,136,1,0,1,5,1,0,5.62,59.64,1,0
2472,151,0,0,0,2,0,1,19.66,43.7,1,1
748,49,0,0,0,5,1,0,21.28,36.39,1,1
1167,66,1,0,1,2,0,0,13.15,39.66,1,0
925,147,1,0,1,1,1,1,2.38,23.43,1,0
2785,110,1,0,1,1,1,1,4.43,0.48,1,0
1681,71,0,0,1,3,0,1,10.83,84.84,1,1
4335,28,1,0,0,4,1,1,5.5,53.13,1,0
3072,10,1,0,1,1,0,1,4.77,1.74,1,0
3565,76,1,0,1,1,0,1,1.39,31.11,1,0
1678,193,1,0,1,0,1,1,3.39,30.05,1,0
4905,165,1,0,1,0,1,1,4.86,31.03,1,0
2711,41,0,0,0,3,1,1,20.57,29.05,1,1
4196,59,1,0,1,2,1,1,4.03,20.42,1,0
3404,87,1,0,1,2,1,1,2.09,11.43,1,0
3094,115,1,0,1,0,1,1,1.86,10.15,1,0
3556,54,0,0,1,8,0,1,13.95,33.84,0,1
2694,28,1,0,1,0,1,1,4.85,22.17,1,0
2031,62,1,0,1,1,1,1,3.35,31.63,1,0
1578,118,1,0,1,0,1,1,3.58,23.65,1,0
786,113,1,0,1,1,1,1,2.25,16.59,1,0
583,131,1,0,1,3,1,1,14.98,51.39,1,0
3310,126,1,0,1,0,1,1,4.16,34.67,1,0
4444,81,1,0,1,1,0,1,4.22,22.78,1,0
1458,69,1,0,1,2,1,1,0.63,5.86,1,0
717,128,1,0,1,0,1,1,0.79,23.81,1,0
542,129,0,1,0,5,1,1,13.9,35.94,1,1
592,54,1,0,1,1,1,1,1.45,34.53,1,0
1856,190,1,0,1,1,1,1,5.18,6.27,1,0
613,34,1,0,1,1,1,1,5.51,31.79,1,0
706,55,0,2,1,3,1,1,5.87,40.1,1,1
2850,169,0,0,1,10,0,0,3.42,32.14,1,1
2638,75,1,0,1,1,1,1,5.65,23.68,1,0
918,103,1,0,1,1,1,1,0.53,12.27,1,0
2984,183,1,0,1,1,1,1,2.89,30.97,1,0
787,17,1,0,1,1,1,1,1.14,32.1,1,0
1012,6,1,0,1,0,0,1,5.46,18.85,1,0
4472,199,1,0,1,1,1,1,2.29,10.66,1,0
433,185,1,2,0,5,1,1,14.71,20.83,1,1
531,73,1,0,1,5,0,1,4.99,29.23,1,0
253,124,1,0,1,2,1,1,5.59,17.95,1,0
3546,169,1,0,1,1,1,1,2.42,25.83,1,0
3694,99,1,0,1,0,1,1,4.59,26.74,1,0
264,55,0,0,0,4,1,1,22.79,20.5,1,1
4816,194,1,0,1,1,1,1,0.27,9.38,1,0
3881,178,0,0,1,4,1,1,7.23,65.21,1,1
3925,121,1,0,1,4,0,1,6.51,59.2,1,0
4835,106,1,0,1,0,1,1,0.68,14.22,1,0
746,125,1,0,1,1,1,1,2.46,10.15,1,0
2149,8,1,0,1,2,0,1,0.9,25.81,1,0
3346,194,1,1,1,2,0,1,5.2,13.36,1,1
1217,131,1,0,1,0,1,1,5.71,28.83,1,0
815,136,1,0,1,0,1,1,1.85,23.06,1,0
352,189,1,0,1,1,1,1,5.18,4.63,1,0
985,193,0,0,0,3,1,0,17.38,35.86,1,1
3979,168,0,0,0,4,1,0,5.35,55.07,1,1
31,11,1,0,1,0,1,1,5.79,9.57,1,0
2364,14,1,0,1,0,1,1,0.39,33.21,1,0
4,183,0,0,0,2,0,0,19.18,29.51,1,1
2775,197,1,0,1,0,0,1,0.13,28.69,1,0
1300,50,1,0,1,1,1,1,0.56,21.74,1,0
162,190,1,0,1,1,1,1,1.11,33.94,1,0
4786,50,0,0,0,8,0,0,3.39,25.01,0,1
2993,43,1,0,1,1,1,1,5.81,3.32,1,0
3866,25,1,0,1,0,1,1,1.17,17.67,1,0
3959,16,1,0,1,0,1,1,5.29,28.13,1,0
3405,141,1,0,1,1,1,1,4.16,0.18,1,0
3339,191,1,0,1,1,1,1,1.1,11.49,1,0
4916,93,0,0,1,0,1,1,0.83,11.93,1,0
2266,107,1,0,1,0,1,1,1.71,5.95,1,0
1679,13,0,0,0,6,0,0,10.09,40.84,0,1
1785,118,1,0,1,0,1,1,5.69,7.87,1,0
971,136,0,2,1,3,0,1,9.34,19.38,1,1
3523,164,0,0,0,1,0,1,20.98,34.9,1,1
615,163,1,1,1,2,1,1,6.98,39.35,1,1
3884,121,1,0,1,1,1,1,5.58,6.45,1,0
2949,145,1,0,1,0,0,1,1.04,1.9,1,0
4274,55,0,0,0,0,0,0,13.12,44.53,1,1
4003,118,0,0,0,0,1,1,9.07,91.05,1,1
1313,100,0,0,0,3,0,1,14.19,53.94,0,1
437,13,1,0,1,0,1,1,2.86,7.91,1,0
2931,75,1,0,1,0,1,1,5.6,22.31,1,0
4454,162,0,0,0,9,0,0,14.93,5.07,0,1
812,58,0,0,1,3,0,1,17.12,72.88,1,1
4937,77,1,0,0,3,0,1,6.4,22.93,1,0
3617,24,0,0,0,3,0,0,19.15,38.72,1,1
2801,65,1,0,1,1,1,1,0.78,19.6,1,0
1447,177,1,0,1,3,1,1,2.25,8.83,1,0
4790,192,1,0,1,0,1,1,2.1,7.44,1,0
38,97,0,2,0,1,0,1,7.96,22.97,1,1
4599,145,1,0,0,0,1,1,1.25,7.18,1,0
996,144,0,0,1,6,0,0,8.08,42.8,0,1
2559,35,1,0,1,0,1,1,5.49,7.41,1,0
4587,175,1,0,1,0,1,1,5.68,27.36,1,0
1630,69,0,0,1,6,0,1,10.01,13.15,1,1
1788,113,1,0,1,1,1,1,4.61,3.99,1,0
649,31,1,0,1,4,1,1,10.62,57.87,1,0
4102,28,0,0,0,4,1,1,24.12,49.91,0,1
682,157,1,0,1,0,0,1,2.1,11.05,1,0
3431,133,0,0,1,2,1,1,11.76,93.25,1,1
205,129,1,0,1,1,1,0,1.93,19.92,1,0
3831,71,0,0,0,2,1,1,9.51,53.69,1,0
613,160,1,0,1,2,1,1,1.21,6.45,1,0
1962,117,1,1,1,5,1,0,7.38,56.93,0,1
704,157,1,0,1,1,1,1,3.76,27.78,1,0
3724,86,0,0,1,5,0,1,13.82,30.56,0,1
3035,156,0,0,1,4,0,1,12.95,70.69,1,1
524,90,1,0,1,1,1,1,2.09,1.11,1,0
2296,134,1,0,1,2,1,1,0.61,16.46,1,0
251,194,0,1,0,2,0,1,4.62,54.32,1,1
3437,51,1,0,1,2,1,1,1.59,8.54,1,0
2143,17,1,0,1,1,1,1,2.35,9.78,1,0
1983,132,1,1,1,3,1,1,11.44,56.0,1,1
4131,189,1,0,1,1,1,1,3.9,6.98,1,0
1300,187,1,0,1,0,0,0,5.86,8.48,1,0
4513,160,1,0,1,1,1,1,0.72,7.86,1,0
3953,24,0,0,1,10,0,1,11.38,10.24,1,1
65,190,1,0,1,1,1,1,4.15,1.68,1,0
4107,74,1,0,1,0,1,1,4.3,20.97,1,0
4682,164,1,0,1,1,1,1,0.15,13.4,1,0
2133,21,1,0,0,5,1,1,6.92,35.28,1,0
3007,113,1,0,1,4,1,1,6.76,45.32,1,0
40,179,0,0,0,9,0,1,3.72,14.67,1,1
4920,100,0,0,0,5,1,0,16.47,36.22,1,1
1379,152,1,0,1,1,1,1,0.63,4.5,1,0
2887,107,1,1,1,3,1,0,15.85,55.91,1,1
596,11,1,0,1,2,0,0,6.48,47.52,1,0
1950,110,1,0,1,0,1,1,1.0,4.24,1,0
2694,41,0,0,1,6,0,1,11.79,29.32,1,1
551,143,1,0,1,4,1,0,9.81,53.27,0,1
908,97,1,0,0,5,0,1,17.89,47.34,0,0
2912,60,0,5,1,6,1,1,7.36,33.75,1,1
2104,110,1,0,0,1,1,0,4.0,11.31,1,0
2400,33,1,0,1,1,1,1,4.04,1.64,1,0
898,53,0,0,0,5,1,1,18.61,31.08,1,1
3998,70,0,0,0,10,0,1,4.65,29.89,1,1
825,57,1,0,1,2,1,1,5.87,6.03,1,0
2709,94,1,0,1,1,1,1,0.43,24.17,1,0
397,166,0,0,0,6,1,1,19.74,36.39,1,1
1896,81,1,0,1,2,1,1,2.29,20.49,1,0
652,27,1,3,1,5,0,1,6.5,22.47,1,1
263,70,0,0,1,4,0,1,12.31,70.97,1,1
1542,67,1,0,1,1,1,1,2.22,5.58,1,0
3771,149,1,0,1,2,0,1,0.78,0.78,1,0
405,15,0,0,1,4,1,0,17.97,56.18,1,1
4769,167,1,0,1,1,1,1,2.13,3.82,1,0
3714,84,1,0,1,0,1,1,3.29,7.06,1,0
2066,25,1,0,1,2,1,1,1.61,16.98,1,0
4207,137,1,0,1,0,1,1,0.33,11.59,1,0
2061,15,1,0,1,1,1,1,2.27,18.11,1,0
784,129,1,0,1,0,1,1,1.46,16.4,1,0
1582,35,1,0,1,1,1,1,4.11,5.69,1,0
704,147,1,0,1,2,1,0,5.13,12.56,1,0
4106,9,1,0,1,1,1,0,2.89,23.19,1,0
2654,42,1,0,1,0,1,1,3.13,5.24,1,0
393,1,0,0,0,2,1,1,23.86,39.02,1,1
3937,92,0,0,1,1,0,1,0.46,14.48,1,0
2569,88,1,0,1,0,1,1,4.81,2.61,1,0
3925,88,1,0,0,1,1,1,3.36,13.93,1,0
4696,11,1,0,1,1,1,1,3.22,15.3,1,0
1554,80,1,0,1,0,1,1,4.7,26.12,1,0
4664,187,1,0,1,2,1,1,5.37,23.33,1,0
3597,184,0,0,1,8,0,1,14.05,8.42,1,1
954,145,1,0,1,3,1,1,4.23,33.9,1,0
2137,37,1,0,1,2,1,1,12.48,33.34,0,0
4461,154,1,0,1,2,0,1,3.57,1.8,1,0
3701,160,1,0,1,1,0,1,0.41,16.6,1,0
290,144,1,0,1,0,1,0,5.46,0.29,1,0
4917,187,1,0,1,1,1,1,0.07,16.41,1,0
2660,70,1,0,1,1,0,1,5.46,27.31,1,0
1530,17,1,0,1,0,1,1,5.42,33.68,1,0
1334,149,0,0,1,3,1,1,14.18,15.59,0,0
1574,139,0,0,0,7,0,1,14.12,8.29,1,1
1445,66,1,0,1,3,1,1,2.72,18.92,1,0
4460,17,1,0,1,1,1,1,2.68,14.38,1,0
629,73,1,0,0,5,1,1,12.67,30.13,1,0
2874,86,0,1,1,3,1,1,6.58,39.89,1,1
1570,165,0,2,1,5,0,0,4.13,31.54,1,1
2254,167,1,0,1,2,1,1,0.71,7.42,1,0
3175,10,1,0,1,2,0,1,1.88,22.25,1,0
2327,176,1,0,1,1,1,1,1.15,21.48,1,0
2263,158,1,0,1,1,1,1,1.3,18.97,1,0
764,41,0,0,1,6,0,1,11.1,40.48,1,1
3745,150,1,1,1,5,0,0,16.48,39.14,0,1
2355,185,1,0,1,3,1,1,0.21,14.5,1,0
144,186,1,0,1,0,1,1,0.12,2.19,1,0
3784,69,0,0,0,3,1,1,15.8,29.28,1,1
2303,26,1,0,1,0,1,1,4.1,23.18,1,0
1468,169,1,0,1,1,0,1,2.39,4.79,1,0
1171,24,0,4,0,5,1,1,7.5,10.79,1,1
3761,189,1,0,1,0,1,1,2.3,25.7,1,0
2847,127,1,0,1,1,1,1,2.91,29.06,1,0
641,78,0,0,0,0,1,1,12.71,67.91,1,1
4364,193,1,0,1,0,0,1,2.86,29.1,1,0
2290,22,0,0,0,1,0,1,18.56,24.2,1,1
342,63,1,0,1,0,1,1,2.75,19.51,1,0
4750,172,1,0,1,0,1,1,2.99,3.85,1,0
613,187,0,3,1,3,0,1,6.21,30.66,1,1
2135,95,1,0,1,2,1,0,5.54,47.38,1,0
4729,65,1,0,1,1,1,1,0.5,32.58,1,0
3098,42,0,0,0,2,1,1,10.64,84.83,1,1
233,54,0,0,0,4,1,0,21.47,52.52,1,1
384,62,1,0,1,0,1,1,4.93,23.08,1,0
1356,152,1,4,0,0,1,1,6.66,20.8,1,1
1071,115,0,0,1,7,0,1,9.29,38.73,1,1
4598,65,1,0,1,4,1,1,3.8,25.2,1,0
712,139,1,4,1,1,1,1,8.63,20.43,1,1
2539,135,1,0,1,0,1,1,5.91,10.42,1,0
4882,84,1,0,1,1,1,1,4.7,10.56,1,0
1262,149,0,0,1,2,0,1,4.18,38.76,0,0
2676,96,1,0,1,2,1,1,5.6,13.41,1,0
4346,135,1,0,1,0,1,1,1.08,19.88,1,0
729,21,1,0,0,1,1,1,3.77,30.71,1,0
4796,7,1,0,1,0,1,1,0.64,24.46,1,0
314,54,1,0,1,1,1,1,3.14,29.68,1,0
645,50,1,0,1,1,1,1,5.06,17.93,1,0
3513,146,1,0,1,0,0,1,5.51,8.85,1,0
1681,51,1,0,1,1,1,1,5.52,0.42,1,0
526,28,1,0,0,1,1,1,3.22,32.34,1,0
1056,101,1,0,0,3,1,1,5.73,34.27,1,0
2036,17,0,0,0,5,0,0,3.15,42.89,1,1
543,39,1,0,1,3,0,1,4.18,51.3,1,0
4888,175,1,2,1,0,0,1,6.75,25.51,1,1
138,138,0,0,1,0,1,1,2.16,14.94,1,0
4224,96,1,0,1,0,1,1,1.4,2.8,1,0
1568,11,1,0,1,1,1,1,2.88,21.0,1,0
2632,71,1,0,1,0,0,1,0.27,25.59,1,0
4093,176,1,0,1,1,1,1,1.72,14.83,1,0
989,21,1,0,1,2,1,1,5.78,1.1,1,0
1066,89,1,0,1,1,1,1,5.45,11.07,1,0
1527,196,0,0,0,5,0,1,17.83,24.66,0,1
2022,105,1,0,1,4,0,1,17.57,64.06,1,0
1646,196,1,0,1,1,1,1,2.41,2.67,1,0
866,106,0,0,1,0,1,1,3.39,21.02,1,0
132,68,1,0,1,0,1,0,3.97,15.69,1,0
4945,158,0,0,1,3,1,1,17.12,77.32,1,1
1724,151,1,0,1,2,1,1,1.5,18.73,1,0
1125,103,1,0,1,2,0,0,4.27,27.27,1,0
106,164,1,0,1,0,1,1,1.71,10.76,1,0
1518,147,1,0,1,1,1,1,0.18,23.64,1,0
4500,148,1,0,1,1,1,1,2.86,27.41,1,0
4604,89,1,0,1,1,1,1,2.28,21.25,1,0
1574,100,0,0,0,2,0,1,14.7,28.92,1,1
4355,122,1,0,0,1,1,1,0.51,9.07,1,0
3521,21,1,0,1,0,1,1,5.92,18.27,1,0
2397,181,0,2,1,3,0,1,5.9,33.36,1,1
3984,196,1,0,1,2,1,1,3.62,28.24,1,0
3037,109,1,0,1,5,1,0,6.73,54.67,1,0
865,52,1,0,1,1,1,1,0.23,30.48,1,0
3186,147,1,0,1,1,1,1,3.07,32.15,1,0
3266,2,0,2,1,2,1,1,7.1,17.67,1,1
4527,126,0,0,0,4,0,1,18.01,24.37,1,1
432,135,0,0,1,2,1,1,5.6,90.93,1,1
41,166,1,0,1,1,1,0,5.49,4.12,1,0
2052,71,1,0,1,2,1,1,4.94,19.47,1,0
468,75,1,0,1,1,0,1,5.98,31.38,1,0
1993,196,1,0,1,0,1,1,2.99,21.11,1,0
3773,59,1,4,1,4,1,1,1.45,27.86,1,1
788,143,1,0,1,4,0,1,4.47,40.8,1,0
2377,107,1,0,1,0,1,0,0.59,14.56,1,0
2597,134,1,0,1,0,1,1,2.93,27.78,1,0
1559,189,1,0,1,1,1,1,4.11,7.54,1,0
2839,32,0,0,0,2,1,1,6.11,55.32,1,1
4376,19,0,1,1,2,1,1,15.83,51.57,1,1
3580,74,1,0,0,2,0,1,10.39,43.52,1,0
4168,162,1,0,1,2,1,1,0.79,21.03,1,0
1143,132,0,0,0,5,0,1,3.67,11.96,1,1
4745,62,1,0,0,0,1,1,1.09,23.52,1,0
4205,23,1,0,1,2,1,1,0.56,17.01,1,0
3675,98,1,0,1,4,1,1,4.02,19.62,1,0
1541,174,0,2,1,2,1,0,4.84,51.66,1,1
2455,143,1,0,1,1,1,1,3.13,19.69,1,0
1279,59,1,0,1,0,1,1,5.08,33.09,1,0
129,48,1,0,0,3,1,1,9.8,44.92,1,0
4069,171,1,0,1,0,1,1,5.74,27.93,1,0
554,47,1,0,1,0,1,1,3.75,26.15,1,0
3111,119,1,0,1,0,1,0,0.55,19.49,1,0
1133,12,1,0,1,0,1,1,5.29,23.48,1,0
4443,187,0,0,1,3,0,1,8.27,47.57,1,0
385,39,1,5,1,1,0,1,7.65,16.28,1,1
4792,116,0,0,1,2,1,0,9.08,35.4,1,0
2162,166,0,0,1,1,1,1,3.15,15.43,1,0
4365,108,0,1,0,2,1,1,6.27,36.38,1,1
4365,114,1,0,1,0,0,1,3.24,22.31,1,0
3685,136,0,0,1,3,1,1,12.06,56.23,1,1
3481,58,0,0,1,5,1,1,8.72,41.18,1,0
4104,29,1,0,1,0,1,1,2.93,30.08,1,0
1360,19,1,0,1,1,1,1,3.68,25.17,1,0
2658,136,0,0,1,3,1,1,15.27,73.05,1,1
3302,15,1,0,1,1,1,1,0.51,15.74,1,0
2836,34,0,0,0,4,1,1,8.53,75.74,1,1
915,124,1,2,1,5,1,1,6.27,49.62,1,1
3172,104,1,0,1,1,1,1,0.35,30.32,1,0
1774,158,1,0,1,1,1,0,3.0,3.72,1,0
3905,108,1,0,1,3,0,1,4.24,27.66,1,0
1638,7,1,0,1,1,1,1,3.27,5.4,1,0
1460,80,0,0,1,5,0,1,12.73,25.58,1,1
2036,155,1,0,1,1,1,1,2.01,4.87,1,0
43,42,1,0,1,1,1,1,4.06,26.72,1,0
3170,127,0,0,1,2,1,1,18.84,70.03,1,1
1889,111,1,0,1,0,1,1,3.92,8.95,1,0
1772,132,0,0,1,2,0,1,17.74,70.28,1,1
2429,41,1,0,0,5,0,0,13.32,40.49,1,0
4669,18,1,0,1,0,1,0,2.71,12.34,1,0
4949,86,1,0,1,0,1,1,0.2,13.89,1,0
2837,64,1,0,0,1,1,1,4.65,22.97,1,0
4440,193,1,3,1,2,1,1,6.6,19.65,1,1
4168,70,0,7,1,2,0,1,6.57,39.85,1,1
4013,45,0,3,0,6,1,1,1.85,39.2,1,1
2896,65,1,0,1,0,1,1,5.12,0.46,1,0
4649,98,1,0,1,1,1,1,5.36,34.1,1,0
2053,122,1,0,1,0,1,0,4.96,28.03,1,0
2893,160,1,0,1,1,1,1,2.42,33.96,1,0
1713,42,0,0,0,2,1,0,17.37,31.51,0,1
2411,79,1,2,1,2,1,1,17.55,57.74,0,0
4226,54,1,0,1,1,1,1,4.63,14.77,1,0
4579,42,0,0,0,2,1,1,19.65,78.18,1,1
2923,129,1,1,1,3,0,0,11.76,53.39,1,1
1133,167,1,0,1,0,1,1,3.77,19.5,1,0
1107,137,1,0,1,5,1,1,6.45,19.48,1,0
3203,67,1,0,1,1,1,1,0.44,1.87,1,0
285,119,1,0,0,1,1,1,2.27,28.14,1,0
4543,52,1,0,1,0,1,1,2.35,15.31,1,0
4683,6,1,0,1,0,1,1,4.73,26.6,1,0
4509,26,1,0,1,0,1,0,0.01,8.57,1,0
501,139,0,0,1,2,1,1,12.99,59.35,0,1
2563,144,1,0,1,0,1,1,2.09,23.27,1,0
1988,26,0,0,1,1,1,1,0.81,18.15,1,0
3049,168,1,0,1,2,1,1,0.97,8.94,1,0
404,37,1,0,0,0,1,1,4.36,25.99,1,0
558,81,1,0,1,0,1,1,3.25,23.63,1,0
2567,45,0,0,1,0,1,1,5.3,23.07,1,0
1754,170,0,0,1,10,0,1,13.95,15.13,1,1
1689,112,1,7,1,4,1,1,4.27,38.01,1,1
1846,47,1,0,1,1,1,1,2.5,33.7,1,0
3466,2,1,2,1,4,1,1,11.57,62.72,1,1
4189,5,0,0,1,3,1,1,5.21,26.2,1,0
455,22,1,0,1,1,1,1,1.74,11.89,1,0
4629,86,1,0,1,1,1,1,5.97,1.34,1,0
1998,72,0,0,0,2,0,1,4.81,38.91,1,0
1009,38,0,0,0,8,0,1,10.89,28.92,1,1
2774,35,1,0,1,1,1,1,4.0,20.7,1,0
171,141,1,0,1,2,1,1,4.82,14.91,1,0
2674,74,0,0,0,9,0,0,7.85,8.72,1,1
666,183,1,0,1,0,1,1,3.94,11.94,1,0
3135,23,1,0,1,2,1,1,2.7,20.27,1,0
1330,37,1,0,1,0,1,1,0.12,4.73,1,0
1859,146,0,0,0,1,0,1,6.5,82.79,1,1
3344,119,1,0,1,0,1,1,2.8,26.62,1,0
2925,111,1,3,1,1,1,1,6.52,18.43,1,1
3308,29,1,0,0,4,1,0,11.17,18.18,1,0
1201,105,0,0,0,2,1,1,15.26,53.75,0,1
2305,182,1,0,1,1,1,1,4.19,0.06,1,0
4338,149,1,0,1,0,1,1,1.05,6.95,1,0
1822,187,1,0,1,1,1,1,3.05,11.17,1,0
841,182,0,0,0,2,0,0,21.02,43.78,1,1
508,157,1,0,1,1,1,1,5.45,13.87,1,0
447,62,0,0,0,3,0,1,14.32,80.24,1,1
2520,59,0,0,0,2,0,1,8.0,86.07,1,1
234,82,1,0,0,0,1,1,1.92,1.3,1,0
916,80,1,0,1,1,1,1,1.75,4.51,1,0
884,9,1,0,1,0,1,1,5.88,17.28,1,0
1584,3,1,0,1,1,1,1,2.86,27.76,1,0
4672,158,0,0,0,7,0,1,8.74,23.07,0,1
4241,19,1,0,1,0,1,0,1.36,32.6,1,0
3914,43,1,0,1,0,1,1,3.76,28.71,1,0
3396,180,1,0,1,0,1,1,2.88,19.31,1,0
4542,51,1,0,1,0,1,1,0.68,30.45,1,0
4501,72,1,0,1,0,1,1,3.21,22.24,1,0
172,47,1,0,1,0,0,1,4.87,5.67,1,0
1768,190,1,0,1,0,1,0,1.91,12.88,1,0
2225,191,1,0,1,3,1,1,2.14,9.15,1,0
4573,25,1,2,0,5,0,1,12.09,27.58,1,1
2479,35,0,0,1,8,0,1,10.01,27.9,0,1
2159,66,0,0,0,4,0,1,20.92,35.04,1,1
3010,15,1,0,1,0,1,1,5.78,32.58,1,0
1920,92,1,0,1,0,1,1,4.45,7.7,1,0
684,16,1,0,1,2,1,1,0.61,2.15,1,0
3222,148,1,0,1,1,1,1,3.56,12.42,1,0
1894,34,1,0,0,0,1,1,0.56,3.53,1,0
2432,119,1,0,1,3,1,1,3.2,4.0,1,0
4111,176,1,0,1,5,0,1,10.57,49.23,1,0
2892,170,1,0,1,3,1,1,3.47,22.13,1,0
217,120,1,0,1,1,1,1,2.0,26.42,1,0
4901,175,1,0,1,4,1,1,1.96,26.07,1,0
4656,130,1,0,1,3,1,1,0.33,23.33,1,0
288,95,1,0,1,1,1,1,2.97,10.88,1,0
634,167,1,0,0,1,0,1,4.64,28.48,1,0
3387,69,1,0,1,2,1,1,2.04,10.54,1,0
1017,71,1,0,0,0,1,1,5.97,7.06,1,0
1809,32,0,0,1,1,1,1,5.79,13.21,1,0
3717,116,0,0,0,3,0,1,4.49,63.74,1,1
225,194,0,0,0,5,0,1,19.89,53.76,1,1
3850,116,0,0,1,4,1,0,9.8,37.32,1,0
4500,46,1,0,1,1,1,0,0.17,28.83,1,0
1554,16,0,0,1,0,1,1,6.83,83.74,1,1
2553,34,0,3,1,2,1,1,8.61,25.85,1,1
553,95,1,0,1,4,1,1,12.53,54.15,1,0
3285,87,0,0,1,2,0,1,12.39,61.06,1,1
1,63,1,0,1,0,1,1,1.07,24.1,1,0
1966,45,1,0,1,0,1,1,5.99,22.04,1,0
556,44,1,0,1,5,1,1,4.86,38.49,1,0
4906,194,0,0,1,0,1,1,1.87,29.75,1,0
861,38,1,0,1,2,1,1,1.46,1.83,1,0
2740,23,1,5,1,3,1,1,0.14,30.75,1,1
2790,108,1,1,1,4,0,1,12.51,40.04,1,1
426,190,1,0,1,1,1,0,2.31,31.62,1,0
3239,5,0,0,1,2,0,1,17.0,61.13,1,1
2576,18,1,0,1,0,1,1,2.91,12.0,1,0
3561,4,0,0,1,4,0,1,14.69,50.69,1,0
986,14,1,2,1,2,1,1,16.71,44.12,0,0
372,109,1,0,1,2,1,1,4.94,18.91,1,0
570,182,1,0,1,4,1,1,5.87,25.43,1,0
3851,105,1,0,1,1,0,1,3.45,29.46,1,0
1172,172,1,0,1,1,1,1,0.48,13.56,1,0
2016,110,1,0,1,1,1,1,3.05,18.5,1,0
1489,163,1,6,1,4,1,1,3.5,20.26,1,1
2701,144,0,0,1,10,0,1,11.18,41.46,1,1
4346,148,1,0,1,1,1,1,3.32,6.11,1,0
2071,163,1,1,0,3,1,1,9.45,16.45,1,1
3665,195,1,0,1,5,1,1,17.73,39.81,1,0
4001,98,1,0,1,1,1,1,4.97,19.92,1,0
1856,25,1,0,1,2,1,1,4.35,26.1,1,0
3550,6,1,0,0,1,1,1,1.35,30.72,1,0
1059,134,1,0,1,0,1,1,1.22,5.45,1,0
1794,58,1,0,1,1,1,1,2.51,31.89,1,0
4219,86,1,0,1,2,1,1,4.67,0.7,1,0
2873,153,0,0,1,0,1,1,2.1,3.25,1,0
659,84,1,0,1,0,1,1,2.57,12.54,1,0
4573,120,0,7,1,3,1,1,4.3,32.76,1,1
4240,172,1,0,1,2,1,1,1.59,5.25,1,0
3999,192,1,0,0,2,1,1,3.12,15.42,1,0
959,48,0,0,1,5,1,0,11.57,61.09,0,1
1921,162,1,0,1,0,1,1,1.97,19.13,1,0
349,69,1,0,1,0,1,1,2.02,25.53,1,0
869,44,1,0,1,0,1,1,3.65,10.09,1,0
1778,60,1,5,1,3,0,1,3.75,31.2,1,1
1543,92,1,0,1,1,1,1,2.95,28.08,1,0
3077,1,1,0,1,1,0,1,3.08,8.41,1,0
4186,164,1,0,1,0,1,1,4.07,14.51,1,0
1033,150,1,0,0,2,0,1,12.99,49.08,0,0
4271,63,1,0,1,0,1,1,3.53,3.93,1,0
4358,19,0,0,0,6,0,0,5.53,32.9,1,1
4310,29,1,1,1,5,1,1,10.49,25.42,1,1
4491,194,1,1,1,4,1,0,14.8,55.14,1,1
322,159,0,1,1,4,0,0,17.27,49.19,1,1
3219,70,0,0,0,3,0,1,17.78,58.12,1,1
2514,151,1,0,1,0,1,1,2.15,18.52,1,0
1191,109,1,0,1,0,1,1,3.62,11.8,1,0
2382,106,1,0,1,1,1,1,0.24,26.71,1,0
3032,93,1,0,1,1,0,1,2.77,8.97,1,0
3731,186,1,0,1,0,1,1,3.81,1.59,1,0
4330,60,0,5,1,2,1,1,6.71,39.56,1,1
2912,191,1,1,1,5,1,0,8.99,62.03,0,1
2438,178,1,0,1,1,1,1,1.49,1.27,1,0
418,91,0,0,1,0,1,1,2.08,12.14,1,0
2360,170,1,0,1,2,1,1,4.8,6.46,1,0
2494,108,1,0,1,0,1,1,5.51,24.0,1,0
2683,121,1,0,1,3,1,0,2.03,3.77,1,0
372,87,1,0,1,0,1,1,3.9,3.62,1,0
2624,60,0,0,1,4,1,0,9.66,55.32,1,1
4321,154,1,1,0,2,0,1,15.66,28.94,1,1
3508,97,0,1,1,2,0,0,8.87,42.05,1,1
72,28,1,0,1,1,1,1,1.68,1.86,1,0
2462,103,0,0,0,8,0,1,13.23,10.9,1,1
923,40,1,0,1,0,1,1,5.11,5.79,1,0
3928,197,1,0,1,2,1,1,2.98,15.08,1,0
690,161,1,0,1,0,1,0,3.72,19.67,1,0
4446,26,1,0,1,2,1,1,3.7,21.91,1,0
3512,18,1,0,1,0,1,1,1.65,21.86,1,0
955,159,0,0,1,3,1,1,9.81,65.32,1,1
1336,196,1,0,1,1,1,1,5.92,20.92,1,0
1441,92,0,0,1,3,0,1,16.61,54.01,1,0
558,183,0,5,1,2,1,1,7.31,23.41,1,1
3390,19,1,0,1,1,1,1,0.43,9.39,1,0
1745,22,0,0,0,5,0,0,10.88,44.18,0,1
947,138,0,0,0,5,0,1,10.88,16.64,1,1
3279,129,1,0,1,2,1,1,2.82,0.99,1,0
103,48,0,0,0,5,0,1,10.26,60.53,1,1
198,135,1,0,1,1,1,0,5.05,16.31,1,0
2538,130,1,0,1,1,1,1,2.15,8.9,1,0
3639,48,0,0,1,10,0,1,7.47,37.38,1,1
1089,2,1,0,1,0,0,1,0.79,23.25,1,0
2138,42,0,6,0,4,1,1,3.17,20.62,1,1
2686,170,1,0,1,1,1,1,4.05,22.16,1,0
858,5,0,0,1,2,1,0,3.21,24.67,1,0
250,121,1,0,1,0,1,1,3.24,17.87,1,0
3041,183,1,0,1,1,1,1,4.01,3.34,1,0
2554,114,0,0,0,5,0,1,19.0,41.0,1,1
3801,6,0,0,0,2,0,1,19.09,85.84,1,1
4760,172,1,0,0,2,1,1,2.54,6.04,1,0
1804,85,0,0,1,7,0,0,12.61,35.85,0,1
4572,45,1,0,1,0,1,0,5.14,24.3,1,0
3206,121,1,0,1,0,1,1,3.76,1.07,1,0
4251,175,1,0,1,2,1,1,1.52,15.29,1,0
3202,56,1,0,1,1,1,1,4.55,26.6,1,0
4350,121,1,0,1,1,1,1,1.11,17.92,1,0
368,65,1,0,1,1,1,1,0.82,22.06,1,0
2883,41,1,0,1,0,1,1,5.72,14.19,1,0
325,137,1,0,1,0,1,1,4.29,9.49,1,0
2312,3,1,0,1,0,1,0,4.52,16.58,1,0
2682,31,1,0,1,0,1,1,5.25,12.34,1,0
3362,71,0,0,1,6,0,1,11.4,26.64,0,1
4629,57,1,0,1,2,1,1,5.2,7.54,1,0
2948,188,1,0,1,1,0,1,2.89,17.61,1,0
1477,37,0,0,0,4,1,1,9.53,51.69,1,0
387,146,1,0,1,0,0,1,3.85,30.69,1,0
896,152,1,0,1,1,1,1,4.79,29.98,1,0
787,44,1,0,1,5,0,0,17.56,48.43,1,0
711,39,1,0,1,0,1,1,4.53,9.66,1,0
1501,186,0,0,1,4,0,1,5.36,60.13,1,1
26,10,0,0,1,2,1,1,0.15,2.23,1,0
3272,147,1,0,1,0,1,1,2.48,14.83,1,0
304,61,1,0,1,2,1,1,1.67,6.31,1,0
3975,18,1,3,0,4,1,1,5.48,29.58,1,1
3895,47,1,0,1,1,1,1,0.82,33.26,1,0
456,127,1,0,1,1,1,1,2.89,2.75,1,0
580,34,1,0,1,0,1,1,2.83,7.96,1,0
1775,7,1,0,1,0,1,1,1.53,17.73,1,0
4265,42,1,0,1,0,1,1,1.87,18.0,1,0
2748,104,0,0,0,1,0,1,5.92,62.85,1,1
1431,40,0,0,0,4,0,1,14.78,89.89,1,1
3082,120,1,0,1,0,1,1,2.45,10.84,1,0
2508,148,1,0,1,1,1,0,1.92,20.88,1,0
762,180,0,0,1,0,1,1,5.79,17.82,1,0
1849,26,1,0,1,1,1,1,5.8,28.74,1,0
1202,41,0,0,1,8,0,1,5.96,6.56,1,1
2265,34,0,0,1,0,1,1,2.61,33.14,1,0
4791,32,1,0,1,0,1,1,1.09,27.64,1,0
826,78,1,1,1,5,0,1,15.81,61.03,1,1
3892,163,1,0,1,1,1,1,4.24,17.17,1,0
1586,71,1,0,1,1,1,1,5.38,24.0,1,0
412,46,1,0,1,2,1,0,13.35,47.49,1,0
2568,28,1,0,1,0,1,1,2.77,25.58,1,0
1142,68,1,0,1,0,1,1,5.58,19.49,1,0
3191,37,1,0,0,3,1,1,1.91,29.68,1,0
948,109,0,0,1,3,0,1,6.65,61.88,1,1
1914,110,1,1,1,4,0,0,10.11,37.1,1,1
3177,188,1,0,1,0,1,1,0.06,25.06,1,0
3537,68,1,0,1,0,1,1,5.33,8.84,1,0
1122,155,0,0,1,9,0,1,6.13,29.64,0,1
4512,139,0,0,1,3,0,1,10.0,63.77,1,1
3827,64,1,0,1,1,1,0,3.83,2.85,1,0
4311,194,1,0,0,1,0,1,4.72,26.34,1,0
2346,61,0,0,1,3,1,1,5.99,88.96,1,1
1844,74,1,0,1,2,1,1,3.19,31.69,1,0
3123,112,0,0,1,2,1,1,11.65,60.91,1,1
2745,29,1,0,1,1,1,0,3.4,5.55,1,0
2769,98,1,0,1,2,1,0,16.67,30.63,0,0
3460,45,0,0,0,1,0,1,15.95,90.45,1,1
2461,165,1,0,1,0,1,1,5.15,9.32,1,0
4517,7,0,0,0,4,0,0,23.59,28.62,1,1
932,91,1,0,1,1,1,1,4.95,24.42,1,0
2351,149,1,6,1,2,0,1,4.39,33.4,1,1
3293,123,1,0,1,0,1,1,0.31,30.22,1,0
833,42,1,0,1,0,1,1,3.84,29.87,1,0
1699,160,1,0,1,1,0,1,3.89,8.1,1,0
4486,87,1,1,1,9,0,1,7.83,38.7,1,1
696,157,0,0,1,10,0,1,13.77,38.17,0,1
3360,47,1,0,1,1,1,1,2.49,26.77,1,0
2643,65,1,0,1,0,1,1,3.45,18.02,1,0
814,29,1,0,1,1,1,1,5.6,2.45,1,0
3076,93,1,0,1,0,1,1,5.07,15.1,1,0
4595,68,0,5,1,4,1,1,7.51,28.01,1,1
3007,143,0,0,1,4,1,1,4.82,43.17,1,0
3508,57,1,0,1,2,1,1,0.33,11.73,1,0
3871,1,0,0,0,11,0,1,10.96,32.74,1,1
3138,150,1,0,1,1,1,1,2.12,4.64,1,0
1757,139,0,0,0,2,1,1,15.13,20.6,1,1
3243,29,0,0,1,0,1,1,1.5,14.36,1,0
4745,73,1,0,1,2,1,1,3.31,14.55,1,0
2293,122,1,0,1,4,1,1,4.46,14.5,1,0
2399,71,0,0,1,3,1,1,1.0,25.12,1,0
3336,186,1,0,1,2,1,1,0.11,21.67,1,0
717,119,1,0,1,2,0,0,12.42,53.77,1,0
923,88,1,0,0,4,0,0,6.61,30.78,0,1
2919,68,1,0,1,2,0,0,11.46,24.55,1,0
3055,155,0,0,0,3,1,1,19.27,20.6,0,1
711,128,1,1,1,3,0,1,16.64,41.43,1,1
4693,9,0,2,1,3,1,1,6.79,17.71,1,1
1433,92,1,0,1,0,1,0,5.95,4.56,1,0
3898,146,1,0,1,0,1,1,2.86,9.47,1,0
973,7,1,0,1,0,1,1,5.25,10.59,1,0
1684,139,0,4,1,2,0,1,2.97,34.89,1,1
3822,8,1,0,1,3,1,1,4.46,25.83,1,0
4494,110,1,0,1,0,1,0,1.79,10.43,1,0
4063,146,1,0,1,1,1,0,5.05,22.69,1,0
414,25,1,0,1,1,1,1,3.5,14.06,1,0
3802,2,1,0,1,4,1,0,7.95,46.63,0,1
1634,144,0,0,1,11,0,1,12.76,17.43,1,1
976,75,0,6,1,5,0,1,2.98,27.56,1,1
3331,135,0,4,1,5,0,1,8.91,27.67,1,1
4679,92,1,0,1,1,1,1,3.72,25.98,1,0
858,3,0,1,1,2,1,1,14.4,40.07,1,1
4788,169,1,0,1,0,1,1,4.22,21.49,1,0
605,181,0,1,0,2,1,1,1.97,11.97,1,1
954,23,1,0,1,4,1,1,3.78,15.95,1,0
1497,159,1,0,1,0,0,1,2.1,10.97,1,0
4939,89,0,0,1,2,1,0,13.86,35.21,1,0
742,134,1,0,1,1,0,1,4.86,24.14,1,0
1571,164,0,0,0,9,0,1,10.84,19.58,1,1
2824,177,1,0,1,1,1,1,5.01,5.69,1,0
4686,160,1,0,1,1,1,1,2.39,21.87,1,0
4392,13,1,0,1,5,1,0,6.68,42.58,1,0
159,188,1,0,1,1,1,1,4.22,17.24,1,0
1843,123,0,0,1,1,1,1,5.83,83.71,1,1
1059,198,1,0,1,0,0,1,5.62,1.38,1,0
679,177,1,0,1,0,1,1,2.67,33.84,1,0
1980,157,1,0,1,1,0,1,3.54,34.02,1,0
3665,149,1,0,1,0,1,1,4.76,6.54,1,0
2808,39,1,0,1,0,1,1,4.31,31.4,1,0
3545,126,1,0,1,0,1,1,0.36,3.69,1,0
1515,39,1,0,1,0,1,1,2.56,21.54,1,0
655,166,1,0,1,0,1,1,5.58,7.17,1,0
4666,36,1,0,1,1,0,1,1.1,23.8,1,0
4101,117,1,0,1,1,1,1,5.21,31.26,1,0
2965,78,1,0,1,0,1,1,5.15,3.41,1,0
3023,13,1,0,1,0,1,1,4.98,14.55,1,0
2634,15,1,0,1,2,0,1,15.52,44.67,1,0
1573,130,0,0,0,3,1,1,19.17,32.74,0,1
3588,88,1,0,1,1,1,1,4.59,18.89,1,0
3088,174,0,0,0,1,1,1,18.16,24.95,1,1
1083,141,1,0,1,1,1,1,5.7,20.92,1,0
922,21,1,0,0,2,0,1,16.48,32.32,1,0
432,193,1,0,1,0,1,1,1.78,8.18,1,0
4664,22,1,0,0,0,1,1,5.46,22.19,1,0
3773,165,1,1,1,4,0,0,4.16,26.36,1,1
1356,8,0,0,0,1,0,0,22.52,46.18,1,1
555,187,1,0,1,1,1,1,1.35,19.53,1,0
1539,70,0,0,0,2,1,1,19.56,66.27,1,1
624,95,0,0,1,0,1,1,2.62,9.78,1,0
727,177,1,0,1,0,1,1,2.1,2.02,1,0
4865,101,1,0,1,1,1,0,2.51,27.16,1,0
3581,169,1,2,1,3,1,0,10.38,57.62,1,1
2359,15,1,0,1,2,1,1,4.23,23.92,0,0
1751,114,1,0,1,3,1,0,14.28,21.56,0,1
1096,74,1,0,1,0,1,1,0.0,20.79,1,0
2905,182,1,0,1,1,1,1,3.0,24.18,1,0
3823,4,1,0,1,0,1,1,2.74,15.52,1,0
3637,151,1,0,1,1,1,1,3.61,19.38,1,0
2852,142,1,0,1,1,1,1,2.48,30.69,1,0
1686,155,1,0,1,3,1,0,2.38,33.73,1,0
4109,43,1,0,1,0,1,1,1.57,8.46,1,0
1935,191,1,0,1,0,0,1,5.03,25.59,1,0
933,142,1,0,1,3,1,1,0.12,18.34,1,0
4015,35,1,0,1,0,1,1,0.73,17.33,1,0
1167,26,0,0,1,5,0,1,5.4,5.57,1,1
2683,83,1,0,1,0,1,1,1.06,21.25,1,0
4234,66,1,0,1,1,1,1,4.5,15.31,1,0
65,20,1,0,1,2,1,0,3.71,17.83,1,0
3718,67,0,0,0,2,1,0,17.84,28.25,1,1
2766,2,1,0,1,0,1,1,4.29,25.56,1,0
2732,109,1,0,1,0,1,1,0.38,2.6,1,0
1959,1,1,0,1,0,1,1,4.6,28.8,1,0
81,36,1,0,1,0,1,1,1.07,2.79,1,0
4675,94,0,0,0,1,1,1,7.32,64.55,1,1
3487,92,0,0,0,4,0,1,14.66,34.85,0,1
1080,120,1,0,1,1,1,1,0.98,23.6,1,0
2885,102,1,0,1,0,1,1,2.82,11.11,1,0
59,45,1,0,1,1,1,1,4.18,17.72,1,0
2153,35,0,0,0,2,1,1,5.82,61.94,1,1
4961,94,1,0,1,0,1,0,1.52,2.6,1,0
3082,67,1,0,1,0,0,0,5.43,22.66,1,0
2920,129,1,0,1,1,1,1,2.39,18.12,1,0
192,103,1,0,1,2,1,1,5.88,20.87,1,0
4584,117,1,0,1,0,1,1,3.3,25.01,1,0
4907,70,1,0,0,3,0,0,4.88,22.33,0,1
4152,41,1,0,1,1,1,1,1.42,10.5,1,0
1944,148,1,0,1,0,1,1,2.82,30.73,1,0
2512,104,0,0,0,4,0,1,19.84,88.94,1,1
2510,198,0,0,1,8,0,1,11.86,34.08,0,1
3428,22,1,0,1,2,1,1,3.09,17.4,1,0
219,173,0,0,0,5,1,0,23.34,48.78,1,1
1650,17,0,0,0,2,1,1,8.05,51.31,1,0
4537,93,1,0,0,0,1,1,1.43,16.44,1,0
2986,48,0,0,1,0,1,1,0.74,5.16,1,0
2173,142,1,0,1,1,1,1,5.14,30.89,1,0
126,50,1,0,1,0,1,1,2.38,16.8,1,0
1930,185,0,0,1,10,0,0,12.11,35.22,1,1
1053,131,1,0,1,3,0,1,3.13,7.46,1,0
790,87,0,0,1,2,0,0,5.92,38.37,0,0
3330,182,1,0,1,1,1,1,1.84,23.37,1,0
2739,149,1,0,0,1,0,1,1.53,12.32,1,0
3371,17,0,0,0,2,0,1,19.03,35.66,1,1
4685,175,0,0,1,3,1,1,10.08,69.73,1,1
1022,165,0,0,0,3,0,0,20.48,28.23,1,1
4456,98,1,0,1,0,1,1,1.96,19.59,1,0
1247,124,0,0,1,4,0,0,8.16,20.5,1,0
2090,173,0,0,0,6,0,0,24.38,43.44,1,1
3882,151,1,0,1,1,1,1,4.63,18.29,1,0
2558,196,0,0,1,0,1,1,1.6,5.22,1,0
1452,71,1,0,1,0,1,1,1.72,6.43,1,0
950,69,1,0,1,0,1,1,5.56,13.14,1,0
2731,39,1,0,1,0,1,1,1.61,17.23,1,0
605,9,1,0,1,1,1,1,3.63,22.12,1,0
1827,158,1,0,1,2,1,1,2.38,18.89,1,0
2219,170,1,0,1,1,0,1,5.56,8.0,1,0
612,13,1,0,1,0,1,1,3.62,32.07,1,0
1694,63,0,0,1,4,1,1,15.33,30.26,1,0
1410,145,0,0,1,5,0,0,16.17,48.58,0,1
4257,103,1,0,1,1,1,1,5.01,31.27,1,0
2424,53,1,0,0,3,0,1,5.94,49.48,1,0
3956,178,1,0,1,1,1,1,0.44,16.18,1,0
3475,126,1,0,1,0,1,1,0.31,9.75,1,0
3843,182,1,0,1,3,1,1,8.72,41.57,1,0
2008,33,1,0,1,0,1,1,3.69,8.28,1,0
3181,191,1,0,1,0,1,1,0.49,6.86,1,0
1693,165,1,0,1,3,0,0,15.2,15.49,0,1
98,194,1,0,1,4,1,1,17.97,18.57,1,0
4329,115,0,0,1,6,0,0,9.54,32.42,1,1
1915,78,1,0,1,2,1,1,0.12,12.72,1,0
3889,73,1,0,1,0,0,1,5.37,24.01,1,0
8,152,1,0,1,0,1,1,1.17,6.54,1,0
3323,137,0,0,0,6,0,1,3.6,7.28,1,1
3687,102,0,0,0,1,1,1,10.22,88.78,1,1
632,41,1,0,1,5,0,0,10.42,28.3,1,0
89,107,1,7,1,4,1,1,4.56,15.58,1,1
4696,76,0,0,1,2,0,1,15.44,82.01,1,1
3445,116,1,0,1,1,1,1,4.85,27.33,1,0
2170,84,1,0,1,0,1,1,5.3,9.47,1,0
1756,174,1,0,1,1,1,1,2.64,34.81,1,0
256,140,1,0,1,5,1,1,10.3,57.37,1,0
3676,63,1,0,1,0,1,1,4.31,27.19,1,0
4239,5,1,0,0,3,0,1,6.99,23.45,1,0
1966,149,1,0,1,1,0,0,5.73,4.98,1,0
4560,193,1,0,1,1,0,1,3.64,19.52,1,0
107,109,1,0,1,1,1,1,5.63,0.15,1,0
3436,171,0,0,1,3,1,0,5.23,21.97,1,0
691,125,0,7,0,3,0,1,2.66,26.27,1,1
3573,170,0,0,1,3,1,0,10.77,34.15,1,0
1624,62,1,0,1,1,1,1,2.43,30.64,1,0
245,166,1,0,1,5,1,1,4.07,51.87,1,0
1536,85,0,0,1,2,1,1,15.1,76.93,1,1
2773,143,1,0,1,1,1,1,1.78,22.72,1,0
535,135,0,0,0,0,0,1,16.94,36.16,0,1
2287,47,1,0,1,0,1,0,5.55,3.94,1,0
1272,166,0,1,1,3,1,1,10.99,51.28,1,1
4927,111,1,0,1,2,1,0,1.82,32.24,1,0
1469,149,0,0,1,1,0,1,19.02,89.25,1,1
1748,154,1,4,1,3,1,1,3.6,38.5,1,1
224,12,0,0,1,3,1,1,9.04,26.77,1,0
3157,147,1,0,1,0,1,1,3.8,25.76,1,0
47,52,1,0,1,5,1,1,14.39,55.67,0,0
2283,65,1,0,1,1,1,1,4.17,18.64,1,0
4827,168,1,0,1,1,1,1,1.58,9.33,1,0
1677,130,1,0,1,4,1,1,5.22,27.89,1,0
833,98,1,0,1,1,0,1,3.95,12.79,1,0
2057,134,0,1,1,4,1,1,7.13,11.22,1,1
509,76,1,0,1,0,1,1,4.06,4.17,1,0
1646,69,0,0,0,0,1,1,4.72,8.53,1,0
691,148,0,2,1,4,1,1,7.52,31.92,1,1
15,62,0,0,1,11,0,1,4.12,28.56,1,1
1793,180,1,1,0,2,0,1,11.08,23.11,1,1
2774,104,1,0,1,2,1,1,5.59,28.73,1,0
2948,32,1,0,1,0,1,1,2.12,33.26,1,0
53,128,1,1,1,3,0,1,8.83,21.75,1,1
888,21,0,0,0,2,1,1,6.83,87.02,1,1
2157,37,0,5,1,1,0,1,0.15,35.56,1,1
3767,156,1,0,1,4,0,0,16.35,33.04,1,0
1244,65,1,0,1,1,1,1,1.51,10.77,1,0
3415,82,1,0,1,3,1,0,1.64,20.24,1,0
4039,27,0,0,0,5,0,1,12.63,36.62,1,1
4737,8,1,0,1,1,1,1,3.96,31.84,1,0
1234,91,1,0,1,5,0,1,7.14,28.29,0,0
4970,64,1,0,1,1,1,1,5.88,30.4,1,0
4907,177,0,0,1,4,1,1,14.87,16.29,1,0
1615,18,0,0,0,1,0,1,16.67,91.32,1,1
2990,127,1,0,1,1,1,1,1.17,2.02,1,0
1825,15,0,0,0,0,1,1,13.15,79.37,1,1
3476,5,1,0,1,2,1,1,0.12,25.36,1,0
2711,10,0,0,1,2,1,1,13.02,64.13,1,1
3886,150,0,0,0,3,1,0,23.58,41.55,1,1
1612,96,0,0,1,3,0,1,14.17,79.87,1,1
3898,174,1,0,1,1,1,1,3.2,34.86,1,0
525,36,0,0,1,3,1,1,8.01,19.77,1,0
960,86,0,5,1,0,0,1,6.07,26.19,1,1
1192,9,1,0,1,1,0,1,3.63,13.56,1,0
4692,54,0,0,1,1,0,1,8.9,84.46,1,1
1516,63,0,0,0,9,0,1,5.94,32.57,1,1
3812,66,1,0,1,1,1,1,2.63,25.38,1,0
1004,191,0,2,1,6,1,1,7.78,24.67,1,1
982,92,0,0,0,1,1,1,11.7,70.59,1,1
204,25,1,0,1,0,1,0,4.46,24.92,1,0
4139,126,1,1,1,5,0,1,17.32,15.93,1,1
3539,158,1,0,1,2,1,1,5.93,9.28,1,0
649,105,0,0,0,3,1,1,19.21,37.11,1,1
1639,40,1,0,1,0,1,1,0.37,17.83,1,0
3183,180,1,0,1,1,1,1,5.37,17.39,1,0
4019,49,0,0,1,2,1,1,1.65,0.93,1,0
3098,33,1,0,1,5,1,1,6.4,46.54,1,0
3780,35,0,0,0,2,1,1,24.57,34.77,1,1
770,118,1,0,1,1,0,1,4.79,10.25,1,0
461,181,1,0,1,1,1,1,3.72,31.36,1,0
1866,54,1,0,1,1,1,1,0.05,7.05,1,0
4530,84,1,0,1,2,1,1,4.3,29.96,1,0
4134,72,1,0,0,0,1,1,1.69,8.84,1,0
1305,128,1,0,1,1,1,1,3.39,24.11,1,0
592,15,1,0,1,1,1,1,3.62,19.58,1,0
4030,125,1,2,1,2,1,1,9.62,16.65,1,1
4676,128,1,0,1,0,1,1,2.14,13.03,1,0
1066,179,0,0,0,3,0,1,15.12,25.2,1,1
4805,39,0,0,1,1,0,1,9.47,90.12,1,1
2253,110,0,0,0,2,0,1,15.85,35.26,1,1
2576,80,1,0,0,3,1,0,9.02,60.28,1,0
945,175,1,0,1,0,1,1,3.54,21.93,1,0
4781,53,0,0,0,3,1,1,17.68,22.7,1,1
3838,108,1,6,1,0,1,1,1.7,18.13,1,1
902,161,1,0,1,1,1,1,1.94,34.21,1,0
2700,16,0,0,0,1,1,1,10.03,74.4,1,1
1918,77,1,0,1,4,1,1,8.35,24.5,1,0
2112,2,1,0,1,0,1,1,2.2,3.63,1,0
4844,89,1,0,0,2,1,1,1.83,18.37,1,0
1601,124,1,0,1,3,1,1,4.04,33.75,0,0
4648,19,1,0,1,2,1,1,0.7,18.49,1,0
4432,63,1,3,1,2,1,1,8.38,33.49,1,1
630,7,1,0,1,0,0,1,5.03,24.77,1,0
1647,152,0,0,1,4,0,1,10.96,64.8,1,1
1014,152,0,0,0,1,0,1,7.27,68.57,1,1
1366,177,0,0,0,2,1,0,18.94,47.93,0,1
1380,27,1,0,1,0,1,1,0.76,22.73,1,0
2586,189,0,0,0,4,0,0,8.48,36.72,0,1
556,62,0,0,0,3,0,0,16.17,30.21,1,1
2505,140,0,0,1,10,0,0,6.14,40.88,0,1
3243,15,1,0,1,0,0,1,0.19,26.02,1,0
798,12,1,0,1,0,1,1,2.49,26.69,1,0
4066,14,0,0,1,2,0,1,4.49,34.73,1,0
1152,196,1,0,1,2,1,1,2.9,17.73,1,0
2869,159,1,0,1,1,1,1,4.82,28.62,1,0
3760,42,1,0,1,1,1,1,2.88,31.07,1,0
2349,118,1,0,1,0,1,1,4.73,25.34,1,0
4509,8,1,0,1,0,1,1,4.95,2.1,1,0
741,48,1,0,1,3,1,1,5.14,25.27,1,0
2767,51,0,1,1,1,1,1,9.17,24.73,1,1
57,196,0,0,1,0,1,1,1.83,18.12,1,0
4152,190,1,0,1,0,1,1,3.48,20.25,1,0
1226,120,1,0,1,3,0,1,0.1,33.17,1,0
4605,31,1,0,1,1,1,1,5.67,3.52,1,0
890,179,0,0,1,5,1,1,9.63,55.31,0,1
733,187,1,0,1,3,1,1,2.32,5.6,1,0
3414,174,0,0,0,2,1,1,18.43,84.51,1,1
2966,27,0,0,1,5,1,1,15.32,89.74,1,1
3081,188,0,0,0,3,0,0,18.57,47.23,1,1
4863,180,1,0,1,0,1,1,0.96,2.99,1,0
3995,44,0,0,0,5,1,1,10.01,50.15,1,0
1611,1,0,0,1,2,1,1,6.95,51.94,1,0
2729,191,0,0,0,2,1,1,7.53,85.61,1,1
4730,44,1,0,1,1,1,1,3.88,11.95,1,0
4712,86,1,0,1,0,1,1,4.1,23.94,1,0
3798,100,0,0,0,3,1,1,17.73,36.86,0,1
3131,185,0,0,1,1,1,1,11.56,58.83,1,1
795,187,0,0,0,6,1,1,11.59,63.31,1,1
3645,95,1,0,1,1,1,1,3.55,30.75,1,0
1466,172,1,0,1,2,1,1,5.88,30.88,1,0
3310,34,1,0,1,2,1,1,5.58,18.47,1,0
1592,18,0,0,1,1,0,1,6.64,72.63,1,1
119,169,1,0,0,2,1,1,13.21,19.67,1,0
1997,143,1,7,1,1,1,1,3.27,30.48,1,1
4464,33,0,0,1,0,0,1,13.21,93.93,1,1
3452,87,1,0,1,0,1,1,1.63,31.41,1,0
2017,188,1,0,1,2,1,1,4.35,4.23,1,0
4657,190,1,0,1,0,0,1,5.31,5.31,1,0
1674,21,1,0,1,0,1,1,2.84,21.62,1,0
2478,176,1,0,1,0,1,1,1.53,10.4,1,0
1809,185,0,0,0,5,0,1,10.8,41.3,0,1
3629,87,1,0,1,1,1,1,4.17,3.7,1,0
2086,174,1,0,1,1,1,1,0.01,6.24,1,0
72,155,0,0,1,0,0,1,0.67,21.29,1,0
783,42,1,0,1,0,1,1,3.33,25.56,1,0
2657,191,1,0,1,0,1,1,1.57,12.02,1,0
4166,154,1,0,1,3,0,1,10.09,37.56,1,0
1215,133,0,0,1,0,1,1,2.81,11.69,1,0
4508,13,1,0,1,3,1,1,5.96,4.38,1,0
2777,61,1,0,1,2,1,1,1.29,2.93,1,0
1718,76,0,0,0,10,0,1,5.29,31.24,1,1
816,170,0,0,0,1,1,1,18.76,93.93,1,1
2010,128,0,1,0,5,1,0,15.58,53.45,1,1
4240,97,1,0,1,1,1,1,2.88,12.85,1,0
2744,180,0,0,0,3,1,1,12.9,65.47,1,1
1074,79,1,0,1,2,1,1,4.35,3.94,1,0
907,124,1,0,1,1,1,1,5.68,8.57,1,0
1155,158,0,0,0,11,0,1,8.76,5.19,1,1
647,151,1,0,1,4,1,1,5.05,25.5,1,0
4781,11,1,1,0,3,1,1,14.67,22.87,1,1
2252,126,0,6,0,0,1,1,3.72,26.05,1,1
2288,175,1,1,1,5,1,1,11.85,32.77,1,1
4670,107,0,0,0,1,0,1,20.1,22.77,0,1
3295,82,1,0,1,0,1,0,1.26,28.32,1,0
2856,125,1,0,1,5,1,1,5.74,15.51,1,0
3963,191,1,0,1,1,1,1,3.44,11.38,1,0
3550,83,0,0,1,6,0,0,13.21,15.09,1,1
3073,44,1,0,1,1,1,1,5.12,32.49,1,0
2673,63,0,0,0,3,1,1,20.28,42.38,1,1
4155,21,1,0,1,0,1,1,3.8,8.13,1,0
782,154,1,0,1,2,1,1,0.23,0.62,1,0
829,102,0,0,1,10,0,1,14.09,11.61,1,1
1241,4,1,0,1,1,1,1,5.81,16.73,1,0
4232,161,1,0,1,0,1,1,4.4,3.8,1,0
4043,115,1,0,1,0,1,1,1.25,20.29,1,0
4841,145,0,0,1,3,1,1,11.86,64.84,1,1
955,197,1,0,1,1,1,1,1.12,1.14,1,0
799,178,1,0,1,1,1,1,5.32,5.3,1,0
2144,190,1,0,1,0,1,1,1.81,19.72,1,0
3254,31,1,0,0,2,0,0,12.65,21.88,0,0
324,128,1,0,1,1,0,1,1.33,28.2,1,0
4120,193,1,0,1,2,1,1,17.07,32.34,1,0
383,17,1,0,1,2,1,1,3.05,29.04,1,0
920,185,1,0,1,0,1,1,0.75,30.02,1,0
1956,70,1,0,1,1,1,1,1.09,24.92,1,0
1359,92,1,0,1,0,1,1,2.66,22.73,1,0
52,151,1,0,1,4,1,1,14.5,30.15,1,0
2416,173,1,0,1,1,1,1,1.13,24.54,1,0
1689,8,0,0,1,3,1,1,4.67,3.27,1,0
747,111,1,0,1,1,1,1,4.74,11.13,1,0
2390,19,1,0,1,1,1,1,0.33,28.72,1,0
2708,114,0,1,1,4,0,0,7.85,48.66,1,1
134,20,1,0,1,0,1,1,0.33,27.91,1,0
477,3,1,2,0,2,0,1,2.61,37.4,1,1
3679,151,1,0,1,3,1,1,4.36,28.62,1,0
3339,99,1,0,1,1,1,1,3.27,15.55,1,0
2821,191,0,0,1,10,0,1,3.8,26.31,1,1
2957,31,1,0,1,1,1,0,0.55,29.91,1,0
2370,38,0,0,1,0,1,1,8.16,60.29,1,1
4650,13,1,0,1,0,1,1,0.62,29.26,1,0
4045,48,1,0,1,2,1,1,1.75,21.5,1,0
3681,105,0,0,0,2,0,1,23.75,49.25,1,1
426,98,0,4,1,1,0,1,3.09,38.7,1,1
3121,32,1,0,1,2,1,0,8.53,29.38,0,0
2839,127,1,0,1,1,1,0,0.15,33.69,1,0
3161,177,1,0,1,0,1,1,2.83,6.15,1,0
1936,174,1,0,1,0,1,1,5.72,34.67,1,0
1657,90,1,0,1,0,1,1,0.88,31.8,1,0
2526,63,1,2,1,5,0,1,12.59,27.43,1,1
29,106,1,0,1,2,1,1,0.64,30.18,1,0
3868,133,0,0,0,4,1,1,15.99,46.68,1,1
2528,65,1,0,1,1,1,0,5.21,2.26,1,0
1366,133,0,0,0,0,0,0,13.95,26.03,1,1
4473,191,0,1,1,2,0,0,13.1,42.68,0,0
2171,193,1,0,1,0,1,0,0.55,23.83,1,0
2520,52,1,0,1,5,1,0,6.86,15.6,1,0
771,74,1,0,1,1,0,1,4.38,34.77,1,0
3902,30,0,0,1,5,0,0,8.1,54.45,1,1
1288,162,0,0,1,1,0,1,6.12,61.63,1,1
4134,148,1,0,0,2,1,0,3.25,16.08,1,0
1747,148,0,0,0,3,0,1,6.21,58.88,1,1
2979,145,1,0,1,2,1,1,3.84,15.66,1,0
4078,130,0,0,0,3,0,0,19.55,21.0,1,1
866,1,1,0,1,0,1,1,5.55,8.06,1,0
2386,173,1,0,1,0,1,1,5.01,22.03,1,0
2390,98,0,0,0,8,0,0,14.97,26.89,1,1
2703,81,0,0,1,2,1,1,0.24,11.03,1,0
1311,53,0,0,0,7,0,0,7.76,43.93,1,1
1765,20,1,0,1,0,1,1,5.31,24.48,1,0
3504,94,1,0,0,0,1,1,5.74,20.98,1,0
3145,4,1,0,1,1,1,1,3.69,1.38,1,0
1923,117,1,0,1,2,1,1,10.92,32.84,1,0
3192,161,1,0,1,3,1,1,5.08,29.97,1,0
4553,189,1,0,1,1,1,1,1.29,1.47,1,0
3337,15,1,0,0,0,1,1,3.96,21.51,1,0
4865,23,1,2,1,2,1,1,13.66,15.33,1,1
1405,157,1,0,1,2,0,1,2.51,19.79,1,0
3186,51,1,0,1,1,0,1,4.59,2.42,1,0
2364,77,1,0,1,5,1,1,7.42,19.81,1,0
3949,145,0,0,0,4,1,1,16.0,31.21,1,1
119,88,1,1,0,3,1,1,16.24,22.77,1,1
30,103,1,0,1,1,1,1,4.51,31.91,1,0
617,71,0,0,0,3,1,1,13.07,82.17,1,1
4000,179,1,0,1,4,1,0,0.13,11.33,1,0
169,47,1,1,1,2,1,0,14.87,62.44,1,1
2393,106,1,0,1,1,1,0,2.89,1.95,1,0
83,129,1,0,1,0,1,1,5.62,18.97,1,0
1426,78,1,0,1,4,1,1,5.79,17.14,1,0
1591,144,1,0,1,1,1,1,4.71,20.95,1,0
486,66,0,1,0,3,1,1,12.72,22.36,1,1
830,192,0,1,1,7,1,1,6.96,33.42,1,1
4546,198,1,0,1,0,1,1,2.99,16.02,1,0
2304,98,1,0,1,0,1,1,3.67,5.83,1,0
2446,38,1,0,1,0,1,0,5.02,6.11,1,0
3586,178,1,0,1,1,1,1,1.37,9.59,1,0
