partner_id,city,zone_risk_score,active_days_last_30,avg_hours_per_day,tier,loyalty_weeks,month,riqi_score,weekly_premium
872,chennai,66.78,19,5.25,flex,18,11,36.0,22.0
277,delhi,78.19,26,11.51,standard,1,5,40.91,37.79
876,bangalore,20.42,23,6.33,standard,9,6,32.8,38.53
601,chennai,71.6,21,5.36,flex,6,3,30.8,24.73
776,chennai,43.12,24,4.78,standard,19,2,44.46,39.34
772,delhi,35.53,22,10.04,standard,5,1,42.48,39.83
338,kolkata,66.51,16,7.16,flex,3,2,65.87,23.04
857,hyderabad,36.86,26,6.21,standard,14,9,39.92,35.77
490,bangalore,37.61,29,10.52,flex,16,12,72.68,26.09
407,mumbai,71.79,22,7.6,flex,0,12,33.81,29.68
398,kolkata,55.48,20,11.1,flex,0,3,52.98,23.74
96,delhi,21.53,27,5.61,flex,6,10,58.52,26.75
796,chennai,34.96,27,8.32,standard,3,5,86.57,40.68
958,mumbai,26.33,26,10.43,standard,11,9,54.99,40.46
745,delhi,73.77,21,11.25,standard,0,7,43.68,41.03
684,delhi,50.64,23,7.88,pro,0,6,37.19,52.56
613,delhi,62.18,15,4.52,standard,19,8,44.81,38.5
385,bangalore,56.57,16,7.29,flex,4,11,50.7,26.59
294,delhi,51.86,24,11.89,standard,3,2,34.85,35.64
187,hyderabad,43.93,29,4.72,standard,0,6,39.04,38.53
489,kolkata,55.45,25,5.76,flex,2,3,78.57,24.48
990,bangalore,70.26,25,6.73,pro,17,2,85.48,50.52
652,mumbai,59.6,24,11.86,pro,19,7,61.78,52.74
404,hyderabad,31.32,23,6.79,flex,15,11,80.8,24.19
473,kolkata,71.06,15,5.29,flex,5,8,70.14,22.0
681,delhi,29.65,16,7.88,flex,2,2,69.12,26.53
460,chennai,34.23,19,5.43,flex,7,4,80.95,26.07
438,delhi,35.91,28,8.72,pro,5,6,53.59,55.84
547,delhi,41.0,15,8.62,pro,0,2,41.71,46.78
745,bangalore,76.43,27,6.24,flex,5,12,52.21,28.58
161,hyderabad,53.17,29,11.71,flex,0,1,34.52,24.92
626,delhi,43.68,20,9.57,standard,7,9,34.22,36.55
39,kolkata,35.25,24,11.02,pro,16,2,80.92,50.94
903,hyderabad,45.19,16,10.94,standard,12,7,34.9,35.37
800,bangalore,59.0,28,10.37,flex,11,4,83.2,25.82
838,kolkata,29.3,28,6.29,pro,16,9,32.24,52.5
992,kolkata,39.6,22,10.16,pro,11,12,87.92,52.43
670,chennai,58.25,18,5.06,standard,17,3,60.98,36.31
908,delhi,36.25,26,9.95,flex,4,8,41.06,25.91
237,hyderabad,74.91,29,6.0,flex,15,10,40.97,24.7
697,hyderabad,59.43,19,8.89,flex,2,7,44.86,28.4
912,hyderabad,22.76,15,6.49,standard,19,12,40.52,33.9
802,mumbai,48.41,15,7.72,standard,4,5,53.91,39.27
16,chennai,57.55,24,8.01,pro,4,10,71.04,53.54
691,mumbai,55.15,25,10.41,flex,11,12,53.29,25.17
397,delhi,43.17,15,9.21,flex,10,12,41.75,28.31
418,chennai,22.34,16,9.46,pro,16,2,69.34,51.64
420,delhi,27.09,19,6.79,flex,10,7,82.65,22.55
999,bangalore,52.88,19,10.0,flex,2,9,89.43,22.0
273,kolkata,45.74,27,9.92,flex,2,12,36.19,24.59
718,bangalore,69.59,20,6.38,standard,18,4,53.35,36.58
891,chennai,57.91,19,4.73,pro,11,10,49.72,49.15
843,hyderabad,66.88,21,4.73,flex,9,7,88.45,26.27
653,mumbai,61.28,24,8.95,pro,5,12,35.05,56.67
342,mumbai,73.51,16,4.65,flex,4,2,43.99,27.21
182,chennai,79.16,18,6.8,flex,18,7,76.63,25.82
456,delhi,39.82,28,7.94,standard,12,10,54.31,40.44
929,hyderabad,64.65,17,8.67,pro,16,9,34.97,52.04
229,kolkata,68.13,27,11.76,flex,14,6,83.47,27.15
415,chennai,78.16,16,5.33,pro,16,3,71.74,49.19
408,bangalore,55.06,21,4.36,flex,11,6,87.52,25.21
869,chennai,30.18,18,7.71,flex,17,8,45.96,23.76
547,bangalore,21.94,23,6.48,pro,19,6,66.17,49.58
798,hyderabad,45.0,19,8.91,standard,1,2,34.96,36.4
63,mumbai,21.58,15,10.22,pro,17,5,89.24,48.64
385,bangalore,70.53,27,4.51,standard,8,11,54.89,36.42
714,hyderabad,61.5,19,12.0,pro,5,6,84.79,53.58
772,mumbai,34.47,23,5.03,pro,18,1,46.48,52.03
771,kolkata,65.42,16,6.87,flex,7,1,31.33,22.0
303,delhi,68.98,26,8.49,standard,16,12,38.04,38.09
859,hyderabad,68.3,21,5.09,flex,1,2,51.04,22.26
759,delhi,40.9,20,7.61,pro,14,2,53.79,52.34
546,mumbai,76.97,18,7.67,pro,16,1,59.53,50.15
761,kolkata,39.73,25,8.64,flex,10,2,34.55,23.06
61,delhi,30.8,18,6.77,standard,2,8,82.46,37.18
233,mumbai,69.31,16,6.23,pro,5,3,37.24,50.81
56,chennai,27.72,24,9.52,standard,8,2,35.54,41.72
719,kolkata,36.61,15,4.68,pro,2,1,41.07,48.72
363,kolkata,65.6,28,7.7,standard,12,10,33.74,41.02
39,chennai,46.84,17,7.18,flex,4,2,40.94,25.63
233,bangalore,25.35,28,4.96,flex,16,7,50.58,22.0
595,hyderabad,52.23,16,8.46,standard,7,4,55.9,35.28
624,mumbai,41.78,24,8.86,flex,12,5,49.82,24.52
243,chennai,25.27,28,5.39,standard,8,11,34.81,35.59
947,hyderabad,43.87,26,11.34,pro,14,6,79.02,49.97
326,kolkata,53.41,22,7.81,flex,12,2,76.17,24.01
805,mumbai,45.53,15,9.89,standard,11,4,36.89,33.49
261,kolkata,39.24,17,4.41,pro,17,4,57.26,50.85
419,mumbai,68.59,15,5.11,standard,8,8,75.61,35.24
459,kolkata,71.04,26,11.72,pro,13,1,85.98,56.57
291,bangalore,42.75,15,9.93,standard,7,12,79.68,36.96
42,hyderabad,34.14,28,8.18,flex,3,5,48.97,27.1
993,bangalore,47.12,22,7.02,standard,18,8,67.45,33.18
39,bangalore,43.49,16,8.35,flex,7,1,43.74,27.42
231,delhi,39.97,17,6.68,standard,19,6,77.64,37.17
598,delhi,65.14,27,5.99,flex,0,6,32.01,32.43
261,mumbai,72.61,15,4.82,standard,12,5,36.64,39.48
292,hyderabad,63.34,16,4.1,pro,18,4,71.64,47.76
302,mumbai,40.74,25,11.67,pro,7,11,65.0,50.08
460,delhi,50.35,23,6.05,standard,7,8,82.33,33.0
726,chennai,21.38,29,5.22,flex,8,8,55.45,26.6
825,delhi,26.79,19,5.32,pro,3,1,37.48,50.08
117,bangalore,51.13,22,8.86,pro,14,6,33.29,54.68
210,mumbai,43.89,23,10.91,flex,5,3,50.78,24.64
501,delhi,47.13,25,4.26,standard,18,11,44.89,34.88
84,bangalore,57.94,26,5.7,flex,16,11,40.68,26.59
215,bangalore,44.88,26,8.28,flex,7,4,60.13,24.57
144,delhi,73.88,28,5.53,pro,12,8,52.66,53.55
897,delhi,66.53,29,8.22,standard,16,1,54.05,35.56
993,hyderabad,65.19,24,6.17,pro,13,7,61.59,53.04
579,chennai,59.54,15,8.41,standard,2,7,43.86,37.24
814,delhi,34.29,16,10.44,flex,13,12,66.19,23.77
514,delhi,32.3,29,6.59,flex,17,6,30.78,23.08
396,bangalore,40.51,24,10.6,pro,2,5,65.42,54.88
59,chennai,44.56,28,6.9,flex,11,5,43.17,26.39
281,kolkata,49.09,15,6.15,pro,7,1,71.93,46.65
128,bangalore,70.1,18,5.06,standard,12,6,71.47,38.78
599,hyderabad,49.89,16,8.43,standard,5,4,79.78,36.71
906,hyderabad,28.21,23,6.13,standard,7,6,45.04,37.41
363,hyderabad,44.26,28,8.15,flex,1,10,39.98,31.18
807,bangalore,56.19,24,4.55,pro,10,5,47.32,54.19
762,delhi,43.8,22,11.49,standard,4,2,59.03,35.08
73,chennai,29.72,18,4.41,pro,12,4,39.28,48.74
498,bangalore,49.73,25,8.79,flex,6,1,34.56,30.98
815,hyderabad,55.41,17,6.52,pro,16,6,38.21,50.66
710,chennai,65.5,29,10.45,standard,4,8,71.54,40.15
401,bangalore,58.8,25,11.9,standard,12,9,70.2,38.29
688,mumbai,74.93,28,4.96,flex,6,6,47.84,27.0
526,mumbai,67.72,29,10.9,pro,6,7,57.31,59.27
888,delhi,73.1,25,6.72,flex,11,2,64.35,26.76
416,bangalore,39.13,16,8.16,flex,12,6,66.95,24.85
440,delhi,20.57,27,10.14,pro,11,7,67.65,53.53
142,chennai,66.1,23,6.69,pro,19,9,74.25,50.94
975,kolkata,62.93,19,4.34,standard,0,4,84.62,36.31
440,bangalore,43.5,18,5.75,pro,4,1,77.18,48.63
575,kolkata,30.02,18,4.52,pro,7,2,86.56,47.22
773,kolkata,50.76,24,4.38,flex,8,3,41.19,24.69
490,kolkata,73.03,17,8.78,pro,16,7,40.43,53.49
329,delhi,61.76,22,11.18,standard,2,2,43.47,37.92
738,chennai,25.49,23,7.13,standard,8,5,32.66,34.49
901,chennai,39.74,23,8.41,standard,1,9,54.51,35.81
40,mumbai,77.73,27,11.16,standard,12,6,81.07,37.94
147,hyderabad,69.48,22,9.3,standard,7,3,63.94,38.78
170,chennai,72.04,23,6.67,flex,12,11,71.85,24.73
670,chennai,65.16,21,11.05,pro,12,11,82.31,49.39
360,mumbai,20.38,27,8.94,standard,16,12,63.59,35.8
335,mumbai,27.71,17,10.09,flex,9,3,55.93,23.85
401,kolkata,76.23,18,4.54,flex,16,6,76.26,27.6
763,mumbai,23.48,22,4.37,standard,17,1,89.41,35.18
947,delhi,21.48,25,10.57,flex,14,12,59.32,28.75
887,delhi,46.75,28,7.75,standard,3,7,55.57,36.45
539,hyderabad,33.25,16,10.18,flex,19,11,69.27,23.75
570,delhi,21.88,27,11.55,flex,15,12,81.44,22.0
492,chennai,32.79,15,9.21,standard,11,2,63.77,34.6
378,delhi,72.12,19,5.23,standard,13,9,61.82,38.46
521,delhi,20.07,21,5.0,standard,11,9,44.85,36.31
72,kolkata,23.85,20,6.61,flex,1,12,77.85,23.72
801,hyderabad,48.8,29,9.78,standard,10,2,71.7,33.47
660,chennai,22.38,20,9.99,standard,8,9,44.52,41.9
973,bangalore,20.59,26,4.58,standard,0,8,35.27,39.07
106,kolkata,41.47,21,5.06,flex,6,4,42.05,27.14
359,chennai,58.19,17,11.17,flex,8,8,86.17,26.08
314,bangalore,72.26,16,9.0,standard,19,12,50.37,36.57
12,kolkata,22.45,26,9.85,standard,10,3,73.49,38.85
695,chennai,72.31,24,6.63,flex,13,9,50.21,28.02
924,delhi,63.15,20,6.66,standard,8,6,59.6,36.51
805,mumbai,33.23,20,4.25,pro,0,3,80.43,52.12
117,chennai,50.29,16,10.94,standard,8,4,56.32,35.67
530,mumbai,67.58,21,6.21,standard,18,2,47.03,35.16
334,hyderabad,27.89,22,7.24,pro,9,1,44.25,46.85
743,mumbai,71.26,27,7.5,pro,14,5,65.58,56.65
449,kolkata,38.73,26,6.07,flex,4,11,30.54,28.31
361,chennai,47.23,25,11.07,flex,13,7,49.85,30.45
107,bangalore,55.27,26,9.65,flex,19,4,52.76,24.8
251,hyderabad,52.01,15,10.75,pro,11,5,56.78,49.22
198,hyderabad,27.38,19,11.49,standard,0,2,37.33,38.97
223,hyderabad,38.97,15,8.68,flex,11,11,38.9,26.25
946,delhi,60.01,18,5.01,standard,12,7,38.61,38.16
311,mumbai,78.19,15,9.85,pro,5,8,82.09,51.31
881,mumbai,21.05,16,8.94,pro,7,10,81.88,46.55
361,chennai,67.73,18,9.41,pro,18,8,86.45,51.36
688,mumbai,29.56,20,6.54,standard,0,12,54.41,39.03
454,hyderabad,54.02,23,4.87,flex,1,5,54.25,28.17
655,mumbai,39.03,27,10.54,standard,6,9,30.35,37.64
986,bangalore,53.81,17,7.11,standard,0,7,44.25,34.72
794,delhi,60.09,24,10.07,pro,8,8,52.79,51.23
783,mumbai,21.54,24,4.87,standard,4,12,53.93,39.38
619,delhi,64.81,26,11.64,pro,12,6,79.34,56.74
373,hyderabad,59.28,17,4.48,pro,12,9,51.1,50.18
670,chennai,75.78,26,8.31,standard,15,11,35.38,37.55
159,mumbai,78.6,24,4.98,standard,10,1,37.39,40.37
172,bangalore,75.07,18,7.87,standard,6,10,78.94,37.25
633,hyderabad,20.16,20,10.55,standard,8,11,77.62,33.64
664,hyderabad,66.2,15,5.89,standard,4,8,48.12,37.66
108,delhi,68.57,17,8.99,pro,0,10,55.44,48.98
455,mumbai,52.12,20,4.19,flex,14,7,43.81,24.81
554,delhi,43.45,27,4.47,standard,1,9,46.47,42.14
218,kolkata,63.47,25,11.93,flex,13,7,36.25,29.58
70,kolkata,66.36,18,4.69,standard,0,7,65.75,34.78
160,bangalore,46.54,26,4.54,pro,4,4,34.2,50.06
614,hyderabad,59.05,20,5.85,standard,2,8,41.42,37.79
453,bangalore,46.78,18,4.48,pro,11,2,35.33,49.19
279,hyderabad,30.23,24,4.77,flex,15,9,30.07,22.0
286,chennai,21.2,18,11.42,pro,11,8,44.62,48.94
749,hyderabad,25.35,21,10.92,standard,15,6,60.41,36.37
702,mumbai,40.78,23,8.43,flex,10,5,79.52,24.44
678,mumbai,29.71,20,7.98,standard,4,7,53.46,33.0
7,mumbai,60.46,24,10.94,flex,5,3,38.48,26.97
266,chennai,39.35,17,5.39,standard,1,9,43.42,37.28
336,bangalore,48.76,15,11.38,standard,13,9,38.35,37.85
608,kolkata,50.15,23,10.6,standard,12,4,52.05,38.55
60,chennai,46.37,26,10.81,flex,10,4,67.18,26.2
463,delhi,53.87,16,7.68,pro,1,3,59.08,50.54
80,bangalore,30.24,19,4.97,pro,13,3,36.06,52.56
422,chennai,57.99,22,10.51,flex,6,4,43.25,26.67
92,mumbai,73.2,28,9.23,pro,2,5,52.07,51.95
661,kolkata,64.02,20,11.71,standard,1,7,38.03,42.13
693,mumbai,31.38,19,5.72,pro,17,10,67.76,48.95
594,mumbai,42.28,15,8.38,flex,19,4,45.96,23.58
192,delhi,71.57,24,10.28,flex,12,4,37.99,27.31
802,bangalore,61.29,26,4.61,flex,0,9,80.45,31.08
416,delhi,33.62,15,4.53,standard,12,8,39.01,35.0
17,chennai,60.81,27,4.3,flex,10,7,69.54,27.06
391,hyderabad,41.2,28,11.93,flex,19,8,76.48,25.93
962,delhi,44.73,19,9.28,pro,7,11,45.9,50.73
119,mumbai,35.32,18,10.2,pro,8,1,87.59,51.78
912,kolkata,39.33,18,6.34,pro,7,2,36.84,51.99
827,chennai,22.62,15,11.42,standard,8,11,52.33,35.51
995,kolkata,29.82,18,5.93,standard,11,9,41.85,37.57
661,mumbai,72.76,26,11.35,standard,17,7,68.16,41.82
860,kolkata,53.47,21,9.25,standard,10,8,49.2,36.63
407,hyderabad,26.48,19,9.81,flex,17,2,42.81,26.22
807,chennai,52.53,27,9.95,flex,2,6,47.85,31.03
876,chennai,65.67,29,5.29,pro,15,9,78.71,53.89
302,hyderabad,36.67,17,7.21,pro,9,1,69.45,51.23
602,delhi,41.32,27,8.31,pro,3,2,30.31,50.57
824,mumbai,64.74,28,10.0,standard,19,12,49.62,37.85
227,delhi,42.1,27,9.15,flex,9,10,83.17,23.49
20,mumbai,44.76,22,5.43,flex,9,6,67.18,28.72
55,bangalore,48.86,28,9.79,pro,4,7,64.8,51.99
998,chennai,60.59,16,8.82,standard,18,8,59.9,39.14
146,hyderabad,51.04,27,5.18,pro,16,4,56.04,50.1
47,chennai,68.08,29,11.99,flex,12,11,40.41,26.27
837,delhi,79.47,26,7.07,pro,8,6,87.02,57.24
832,bangalore,40.07,27,9.6,flex,12,10,71.86,24.02
295,hyderabad,47.49,19,9.65,flex,3,5,32.99,22.81
664,mumbai,66.81,18,10.12,pro,13,1,66.61,51.23
220,bangalore,23.42,28,4.29,flex,6,8,44.82,25.0
533,kolkata,45.73,23,10.21,standard,11,6,39.38,41.38
203,chennai,66.31,20,11.2,standard,17,1,73.95,40.71
984,chennai,43.61,24,7.35,pro,13,7,73.85,49.05
629,bangalore,78.32,26,6.8,pro,8,3,31.32,55.03
43,chennai,25.33,20,8.49,pro,16,10,88.83,47.92
842,bangalore,52.93,16,4.65,pro,5,6,80.82,46.66
588,hyderabad,59.85,23,9.35,flex,1,2,81.72,28.66
154,kolkata,78.68,17,10.29,pro,6,10,82.33,49.23
680,chennai,51.16,22,5.01,standard,14,4,82.77,35.98
97,mumbai,21.63,23,4.75,standard,2,1,84.55,37.87
268,mumbai,42.32,21,10.58,pro,17,6,35.6,49.84
238,mumbai,36.59,22,10.38,flex,14,4,41.75,24.82
40,mumbai,61.75,26,5.33,standard,15,12,81.43,37.4
260,kolkata,32.12,22,11.15,flex,15,12,39.13,26.5
533,kolkata,71.41,23,10.43,standard,13,6,49.18,39.06
353,kolkata,29.96,20,11.84,flex,4,2,63.59,25.54
434,chennai,73.42,28,7.03,flex,2,4,41.24,27.55
725,kolkata,38.86,25,11.21,pro,11,12,57.56,52.13
943,mumbai,72.79,28,5.39,standard,0,3,44.39,38.87
783,mumbai,59.07,20,9.9,standard,11,11,58.28,35.65
660,delhi,27.58,16,6.6,pro,7,1,30.23,47.04
191,chennai,24.36,29,6.72,flex,14,8,48.32,27.14
845,hyderabad,38.24,28,10.07,pro,3,9,82.27,53.35
550,mumbai,72.45,25,8.48,pro,1,1,56.82,54.96
270,kolkata,27.73,17,11.81,flex,13,8,58.74,24.73
275,mumbai,27.65,23,6.34,standard,18,7,79.56,36.71
829,bangalore,57.28,23,6.44,flex,18,7,82.37,26.39
739,chennai,20.74,22,6.27,flex,13,9,65.9,24.12
127,bangalore,22.89,18,11.02,pro,1,9,70.07,51.27
767,hyderabad,37.12,26,8.66,standard,13,1,81.34,37.24
728,hyderabad,33.21,26,4.92,flex,8,4,84.58,27.06
873,bangalore,45.83,26,11.29,flex,13,7,76.43,26.95
455,delhi,46.6,22,11.58,standard,5,4,65.5,34.88
361,chennai,49.26,20,6.1,standard,1,12,58.37,38.82
362,bangalore,24.26,23,4.02,pro,11,6,66.24,50.83
689,bangalore,57.35,28,8.89,flex,12,1,58.46,26.63
757,hyderabad,71.25,15,5.75,flex,10,6,80.64,24.03
529,bangalore,37.61,28,6.22,standard,4,10,47.07,34.12
557,hyderabad,50.44,23,4.24,pro,10,11,32.69,53.18
929,bangalore,72.94,27,9.71,pro,11,12,70.48,51.5
962,hyderabad,77.24,19,4.01,standard,13,7,33.07,41.59
84,chennai,47.37,16,4.74,standard,14,1,55.14,37.83
843,bangalore,24.81,29,10.0,flex,1,12,70.11,23.04
667,hyderabad,28.33,23,8.9,standard,2,2,73.44,39.37
311,hyderabad,69.74,28,5.14,standard,16,6,71.69,33.54
438,hyderabad,74.61,28,8.47,pro,5,10,80.74,54.67
451,delhi,60.38,21,8.34,standard,5,4,77.34,39.28
920,delhi,45.86,22,11.12,pro,3,9,53.58,51.21
988,mumbai,28.56,22,10.1,flex,14,7,39.27,26.42
688,delhi,44.58,15,4.81,pro,4,11,61.87,48.24
557,chennai,26.32,15,5.12,standard,4,1,43.71,35.68
262,chennai,32.53,25,7.1,standard,9,11,53.73,38.38
708,delhi,37.35,19,10.68,flex,4,5,87.36,25.62
736,mumbai,25.29,25,11.69,flex,19,1,31.86,25.34
762,kolkata,48.67,27,8.33,flex,18,5,51.37,27.15
959,bangalore,34.1,25,8.46,flex,18,12,39.91,27.54
762,hyderabad,49.33,17,10.26,pro,2,2,82.82,51.21
659,delhi,43.71,26,10.82,flex,4,7,62.58,30.28
937,delhi,63.33,27,7.67,flex,10,2,62.96,26.36
820,kolkata,78.18,17,7.7,standard,15,12,35.62,36.58
465,kolkata,42.52,20,8.18,pro,14,7,66.35,50.68
365,delhi,44.46,17,8.82,flex,14,11,64.41,25.64
323,delhi,23.57,27,7.51,pro,16,9,47.91,49.69
906,delhi,21.15,20,9.5,flex,10,7,82.32,22.39
647,mumbai,41.52,16,6.67,standard,2,5,42.64,35.4
901,delhi,70.05,15,4.55,flex,12,4,75.21,25.72
991,chennai,70.76,16,4.84,flex,8,1,73.39,26.41
45,kolkata,52.95,28,10.47,pro,12,3,71.87,48.86
450,hyderabad,72.14,16,4.61,pro,1,11,77.67,48.88
974,mumbai,37.72,26,10.91,flex,2,8,78.21,26.78
281,kolkata,21.32,21,7.81,pro,0,11,62.94,49.42
564,kolkata,63.19,28,7.63,pro,3,1,67.49,50.47
471,chennai,62.84,18,6.43,standard,14,2,63.15,34.39
591,mumbai,28.03,16,9.77,pro,8,2,74.92,48.67
390,bangalore,50.67,24,9.72,pro,5,1,83.74,48.56
428,hyderabad,26.11,15,5.04,flex,8,12,80.56,28.59
729,chennai,46.03,15,7.02,standard,11,3,70.51,37.04
523,mumbai,35.25,25,9.33,pro,0,7,46.71,53.7
304,bangalore,37.88,19,7.8,pro,18,9,68.65,50.07
892,chennai,47.46,16,9.08,flex,2,3,52.19,23.8
982,bangalore,53.12,18,10.8,flex,15,2,52.27,25.51
274,bangalore,56.47,16,7.16,flex,7,7,69.1,26.35
313,delhi,23.13,26,9.71,standard,0,12,83.41,34.96
677,bangalore,50.95,26,4.8,standard,9,6,30.88,37.06
536,kolkata,62.56,28,7.31,standard,2,6,54.26,45.12
156,hyderabad,77.81,26,7.18,pro,0,9,48.71,56.34
992,bangalore,27.53,19,4.61,standard,14,12,78.43,34.99
555,hyderabad,64.34,21,6.78,flex,11,1,30.08,24.73
45,hyderabad,72.76,17,4.19,flex,10,7,79.79,22.0
205,kolkata,73.97,27,5.83,pro,1,4,66.2,55.27
800,chennai,23.47,24,11.92,pro,4,12,61.84,53.15
25,chennai,32.3,24,5.57,standard,9,9,83.76,40.24
49,mumbai,28.82,19,8.22,pro,3,3,53.29,47.83
794,chennai,63.5,23,11.12,standard,8,8,71.4,39.87
573,bangalore,49.84,23,7.58,standard,0,5,87.48,33.91
302,mumbai,57.25,28,10.46,flex,17,5,62.81,26.8
668,hyderabad,29.94,27,7.85,pro,12,3,33.0,52.3
601,chennai,31.82,17,7.99,standard,11,9,45.57,37.43
247,mumbai,24.38,20,4.1,pro,5,7,41.41,51.82
593,hyderabad,66.39,18,5.98,standard,0,8,57.49,37.78
255,delhi,71.31,26,4.1,standard,9,6,77.07,40.27
790,delhi,68.48,22,10.78,flex,7,8,78.5,22.0
601,hyderabad,44.17,26,9.3,pro,9,9,84.08,51.7
359,hyderabad,58.13,18,10.03,pro,2,1,33.46,52.01
877,delhi,67.25,18,7.09,standard,17,1,69.4,34.99
354,chennai,70.39,23,4.31,pro,0,10,40.51,51.18
199,hyderabad,54.9,25,8.51,flex,2,4,49.58,25.77
109,mumbai,65.79,21,7.81,flex,14,5,62.67,26.09
367,hyderabad,55.63,28,5.66,flex,3,3,47.71,26.1
953,delhi,61.62,22,6.82,pro,3,4,39.1,53.95
357,bangalore,36.95,21,11.45,pro,8,5,30.0,52.16
691,bangalore,33.57,20,4.08,standard,19,8,43.82,33.0
306,kolkata,78.01,20,9.85,pro,3,4,74.51,50.42
886,kolkata,62.76,25,6.17,standard,15,5,84.12,39.85
32,chennai,65.75,20,8.73,pro,16,8,52.84,54.76
436,delhi,36.13,24,7.85,standard,16,9,66.09,36.61
891,bangalore,53.61,15,8.11,pro,18,5,52.16,51.0
681,kolkata,27.51,27,10.89,flex,16,7,31.85,28.87
183,hyderabad,40.14,18,5.26,flex,16,6,72.07,25.49
851,bangalore,48.95,18,10.29,flex,3,3,53.06,28.31
993,delhi,67.85,15,11.76,pro,3,8,63.54,53.9
832,bangalore,50.29,25,7.86,pro,7,5,40.76,51.59
22,kolkata,43.79,25,11.03,pro,19,3,70.63,47.61
595,delhi,24.25,28,9.0,flex,2,5,81.04,27.03
401,delhi,60.44,26,5.5,standard,11,4,47.26,35.92
880,kolkata,63.96,28,8.84,flex,0,5,47.15,24.2
591,bangalore,39.95,16,5.64,pro,6,6,86.67,51.91
361,kolkata,67.12,27,4.81,pro,17,3,86.48,53.87
731,bangalore,30.76,20,8.38,standard,8,10,74.27,34.74
792,bangalore,56.33,16,7.86,pro,15,11,67.84,52.56
108,mumbai,28.64,21,4.62,standard,14,6,87.09,35.87
778,delhi,36.04,16,9.63,pro,5,2,45.05,48.07
891,bangalore,38.77,18,6.0,flex,1,6,81.97,26.02
137,kolkata,23.03,15,4.12,standard,3,9,86.18,36.6
842,chennai,33.23,23,10.72,pro,9,1,74.36,51.22
605,mumbai,39.62,18,9.99,pro,14,6,45.52,48.4
680,delhi,20.54,22,5.83,flex,10,11,68.26,26.29
69,bangalore,23.0,18,4.11,flex,0,7,42.86,23.1
275,delhi,41.29,16,9.86,standard,0,8,70.37,36.88
494,chennai,32.02,24,8.11,pro,13,8,47.49,52.65
123,mumbai,32.37,25,8.31,flex,16,9,81.91,27.86
530,chennai,49.97,16,9.19,standard,4,10,77.04,35.32
88,mumbai,67.11,24,4.18,pro,3,6,65.41,53.08
341,chennai,65.87,28,4.09,pro,0,1,85.44,47.23
69,hyderabad,31.14,19,9.97,flex,2,1,78.85,23.0
749,bangalore,53.2,23,6.86,pro,19,8,82.36,51.79
6,kolkata,39.6,24,6.99,pro,6,5,43.91,52.57
76,delhi,40.93,23,10.87,flex,9,3,83.06,24.18
624,delhi,20.8,23,5.28,standard,4,9,54.67,35.67
662,hyderabad,20.12,16,8.26,flex,11,7,60.9,27.39
234,kolkata,44.85,24,11.05,flex,9,1,68.08,23.89
664,chennai,23.46,20,6.14,pro,14,7,74.96,50.05
946,delhi,44.95,28,10.97,flex,2,9,71.79,24.33
245,mumbai,54.52,27,8.26,pro,12,6,71.8,53.76
817,hyderabad,28.57,24,8.1,flex,12,7,53.51,25.42
629,hyderabad,56.68,25,4.55,flex,2,1,63.64,26.53
364,delhi,72.89,20,9.79,standard,0,12,57.9,36.8
783,delhi,51.89,27,5.47,standard,1,9,54.27,39.75
872,delhi,44.58,23,10.43,pro,18,5,46.85,47.55
335,chennai,52.74,15,4.59,pro,1,12,60.8,49.22
507,chennai,22.57,17,5.76,flex,13,11,52.35,23.85
561,chennai,41.0,25,7.03,pro,1,10,69.7,50.62
429,bangalore,25.72,22,8.39,pro,3,12,75.99,52.42
583,kolkata,65.51,17,9.37,pro,11,10,74.54,50.28
757,chennai,43.45,24,11.27,flex,2,12,55.99,27.02
59,kolkata,38.41,27,9.73,standard,15,10,42.14,38.62
178,bangalore,71.69,28,11.26,flex,11,11,74.75,30.08
195,chennai,47.05,28,10.37,pro,5,10,62.0,54.78
999,kolkata,51.72,26,7.7,pro,13,1,43.12,48.93
340,hyderabad,47.69,21,5.5,pro,19,4,76.42,50.65
688,chennai,33.03,19,6.08,flex,5,12,54.91,26.73
230,kolkata,32.06,22,6.6,flex,6,8,89.77,26.12
458,mumbai,34.94,20,9.65,standard,5,8,35.7,39.84
459,delhi,34.49,29,6.43,flex,12,11,37.8,26.96
356,delhi,44.36,28,6.5,flex,15,3,48.73,25.98
68,delhi,76.3,19,10.92,standard,9,3,53.44,37.9
994,hyderabad,46.54,24,5.11,flex,19,3,64.17,24.79
170,chennai,48.16,19,11.85,flex,3,11,81.66,26.71
343,chennai,50.24,25,10.66,standard,17,9,36.6,39.93
260,bangalore,58.92,24,8.44,pro,0,9,68.16,54.73
43,bangalore,62.31,20,8.64,pro,16,8,80.24,51.64
805,chennai,77.66,17,9.11,standard,12,4,39.22,39.92
640,bangalore,75.28,24,9.92,standard,11,2,51.3,36.69
215,chennai,32.67,27,11.81,pro,15,11,52.53,50.81
380,bangalore,21.8,24,9.53,pro,7,3,86.45,48.74
98,hyderabad,69.02,24,11.5,pro,18,12,63.11,52.14
84,mumbai,30.09,25,7.75,pro,5,12,86.54,50.38
192,delhi,78.07,22,4.07,flex,7,9,42.44,24.87
960,hyderabad,27.78,21,6.92,standard,3,8,70.44,36.12
96,kolkata,29.3,21,4.79,pro,10,8,63.8,51.87
247,kolkata,66.83,28,6.49,flex,11,6,46.42,25.92
530,mumbai,23.42,22,6.91,flex,12,7,50.82,25.65
731,delhi,38.83,29,5.01,flex,12,10,89.37,24.39
48,hyderabad,49.55,26,9.5,standard,6,9,37.02,41.35
858,mumbai,47.24,23,8.11,pro,7,7,41.79,56.66
486,kolkata,33.79,21,11.46,pro,12,6,69.7,54.36
206,kolkata,33.12,27,7.25,flex,15,3,47.14,23.51
345,delhi,73.64,26,8.45,standard,4,3,40.51,38.76
276,bangalore,72.44,21,8.71,pro,3,5,30.04,53.03
58,chennai,29.12,15,8.43,flex,12,1,35.63,25.06
473,mumbai,37.49,22,11.4,pro,14,7,84.51,46.44
498,hyderabad,65.63,29,8.78,pro,6,2,86.11,47.03
201,hyderabad,30.24,19,10.1,standard,15,2,50.42,40.89
649,chennai,50.08,21,9.01,standard,0,12,81.18,37.35
953,kolkata,67.76,25,7.59,pro,8,1,50.16,55.68
683,delhi,42.79,22,5.6,standard,18,12,75.05,35.8
499,bangalore,60.64,19,10.68,flex,5,10,51.95,27.37
104,kolkata,34.07,25,6.34,flex,18,1,47.63,23.96
244,delhi,55.84,20,9.43,pro,5,12,47.74,52.81
977,chennai,74.78,18,11.71,standard,19,10,70.69,39.74
210,bangalore,79.41,24,6.23,pro,13,12,34.74,49.63
367,bangalore,31.14,16,11.43,pro,11,12,39.89,48.47
360,chennai,40.49,27,7.57,pro,1,8,41.36,54.06
163,mumbai,37.66,17,10.06,pro,15,3,77.05,50.26
183,chennai,34.97,29,7.22,flex,17,5,83.73,24.65
726,bangalore,63.78,17,6.74,standard,19,9,79.86,37.74
889,hyderabad,27.02,27,7.94,standard,13,1,65.76,34.7
661,mumbai,74.14,26,9.86,flex,3,6,64.89,27.96
237,chennai,51.39,17,7.29,pro,9,6,49.61,50.33
752,hyderabad,27.12,27,8.68,pro,4,5,34.03,51.76
959,mumbai,21.95,28,10.91,flex,11,8,36.2,27.63
543,hyderabad,45.41,28,6.08,flex,14,6,38.66,24.5
426,chennai,51.42,20,5.81,flex,14,12,64.47,25.93
785,hyderabad,24.59,17,6.81,pro,7,1,39.5,47.64
72,bangalore,29.36,20,7.73,standard,13,10,84.77,33.29
709,hyderabad,65.71,27,7.67,pro,2,6,31.01,55.95
754,kolkata,45.25,16,4.26,standard,4,1,48.71,37.74
19,mumbai,62.89,27,5.79,flex,11,9,36.98,25.98
327,delhi,61.6,17,6.84,pro,3,12,70.88,47.81
463,delhi,46.65,18,7.31,standard,13,1,46.69,33.0
783,kolkata,74.43,18,7.35,pro,12,12,72.61,49.15
125,delhi,38.78,16,11.09,pro,11,9,84.99,47.57
453,bangalore,38.89,16,9.42,pro,6,10,73.89,47.83
146,kolkata,70.68,28,4.86,standard,5,8,45.07,40.69
959,mumbai,74.09,20,6.6,flex,2,5,79.71,27.59
980,chennai,32.65,20,10.56,flex,2,9,86.81,27.4
233,kolkata,47.26,24,4.21,pro,11,11,69.57,50.11
30,bangalore,57.37,29,7.36,pro,19,10,62.79,52.51
937,bangalore,45.09,23,10.38,standard,9,8,35.05,37.22
405,bangalore,56.15,16,4.61,standard,10,3,31.42,36.18
483,kolkata,28.13,28,10.95,flex,11,7,32.16,26.8
298,hyderabad,76.81,23,10.3,pro,14,10,44.87,51.4
942,chennai,78.43,16,4.5,flex,14,4,46.29,24.36
837,chennai,68.34,27,6.54,flex,3,11,79.04,27.81
797,mumbai,37.24,21,5.69,standard,9,12,69.77,37.91
165,delhi,61.63,18,5.29,pro,9,4,42.52,50.72
950,delhi,52.84,23,6.15,pro,3,4,54.46,50.92
948,chennai,61.83,27,5.97,standard,3,3,83.17,37.96
50,chennai,26.67,20,5.92,flex,14,7,77.43,25.09
802,mumbai,59.38,25,6.88,flex,3,4,46.24,24.53
189,hyderabad,29.37,21,4.94,standard,9,9,77.63,38.47
984,delhi,66.08,25,7.29,pro,1,5,67.13,55.73
618,bangalore,76.07,25,6.23,standard,10,7,63.37,37.75
331,mumbai,50.7,17,5.01,standard,7,8,35.6,36.6
96,hyderabad,29.11,25,8.75,pro,1,12,75.95,48.23
303,hyderabad,76.58,15,9.0,standard,8,12,69.13,35.56
12,hyderabad,27.32,16,4.36,standard,8,6,89.81,36.5
578,bangalore,57.36,23,6.07,standard,19,9,58.96,35.87
340,bangalore,63.46,20,6.37,pro,13,12,53.87,51.16
674,hyderabad,41.77,28,4.72,pro,17,8,37.65,55.81
148,mumbai,71.1,27,6.35,standard,13,8,77.09,40.95
104,mumbai,35.22,27,6.18,standard,4,3,69.71,37.12
800,delhi,20.97,20,9.48,standard,16,7,69.9,33.0
855,chennai,47.64,26,9.2,flex,12,9,83.66,27.54
511,delhi,20.0,29,6.58,standard,18,11,38.89,37.51
724,bangalore,59.98,19,7.11,pro,7,6,35.7,53.98
58,chennai,69.78,20,7.55,pro,15,11,89.73,52.56
947,hyderabad,44.16,27,10.88,pro,7,1,48.91,52.11
787,bangalore,27.7,25,4.96,pro,19,12,72.04,50.86
877,kolkata,31.2,26,10.14,pro,19,11,59.52,51.93
137,kolkata,33.56,22,11.71,pro,15,3,46.94,48.21
42,chennai,78.53,29,8.35,pro,13,7,32.89,53.66
867,delhi,51.39,17,9.51,pro,13,6,65.92,47.88
878,delhi,24.48,21,7.73,standard,11,8,72.1,37.27
953,chennai,74.68,28,9.86,pro,15,3,33.41,55.19
215,chennai,43.76,15,9.41,standard,10,4,52.2,37.93
750,hyderabad,55.07,29,6.76,pro,18,2,34.6,50.44
246,kolkata,79.15,20,7.1,flex,14,8,66.99,26.38
391,chennai,47.32,23,11.52,standard,16,6,87.27,37.39
644,hyderabad,72.09,15,5.01,standard,1,6,32.29,35.2
292,delhi,32.89,21,8.76,standard,8,10,35.92,36.24
763,mumbai,53.95,28,5.19,pro,15,11,63.5,51.32
222,delhi,56.86,21,11.52,pro,15,4,65.2,54.64
44,chennai,36.62,21,9.43,standard,12,10,53.65,35.94
271,kolkata,45.36,28,11.49,pro,9,5,58.88,50.69
422,mumbai,26.99,16,8.8,pro,10,5,57.56,48.24
984,hyderabad,70.12,29,10.56,standard,3,1,41.96,38.86
679,kolkata,76.12,24,10.28,standard,15,12,81.98,34.23
330,chennai,48.7,24,5.48,pro,4,7,66.26,53.04
348,delhi,24.81,27,4.1,pro,2,10,41.07,54.01
175,hyderabad,23.07,29,10.84,pro,18,3,83.01,48.06
9,chennai,21.55,22,8.59,pro,12,5,89.67,47.95
1,chennai,22.92,29,10.22,standard,1,5,41.12,41.94
494,mumbai,37.8,23,11.5,pro,16,8,77.79,52.39
846,kolkata,41.49,25,9.53,flex,4,4,86.94,24.75
992,chennai,20.25,23,4.44,standard,14,11,54.82,34.68
148,chennai,30.62,16,4.33,flex,7,4,62.99,22.0
495,kolkata,60.65,21,4.9,standard,14,2,85.35,36.73
705,hyderabad,58.85,17,11.94,standard,13,9,87.7,36.22
732,delhi,56.74,22,10.39,pro,17,7,78.63,54.09
168,chennai,69.96,25,4.54,pro,16,1,87.43,51.87
685,kolkata,54.11,20,5.08,flex,15,7,76.14,26.93
939,kolkata,54.31,24,11.26,pro,8,7,42.5,55.93
813,delhi,40.99,29,5.29,pro,6,11,63.21,48.71
649,chennai,64.54,22,6.04,standard,6,8,76.81,34.73
343,hyderabad,67.77,24,8.11,flex,12,9,59.29,27.45
249,chennai,45.15,15,9.55,flex,1,6,47.29,24.99
355,hyderabad,21.44,28,4.84,standard,2,6,40.46,37.85
945,bangalore,62.86,18,7.26,pro,12,2,45.22,47.15
182,chennai,55.29,16,9.02,standard,18,11,66.7,37.87
45,delhi,39.65,15,6.15,flex,11,1,77.44,22.0
10,kolkata,24.04,23,4.65,flex,6,10,73.38,22.0
621,kolkata,54.74,22,7.2,flex,8,4,66.29,27.71
261,bangalore,35.96,29,5.23,standard,19,4,72.42,36.27
67,chennai,73.15,27,11.45,pro,9,2,74.16,51.11
653,kolkata,20.06,19,5.11,flex,12,5,42.57,23.87
832,chennai,74.7,23,10.08,flex,1,10,70.83,26.24
183,hyderabad,66.91,21,5.21,pro,17,10,49.71,51.89
587,bangalore,77.91,24,8.6,flex,9,2,73.57,23.75
384,kolkata,43.9,26,6.15,flex,14,3,85.29,24.7
305,bangalore,39.42,17,10.77,pro,16,9,69.46,49.45
554,bangalore,26.54,22,4.66,pro,15,6,78.53,50.14
921,bangalore,71.43,16,6.19,pro,5,7,71.42,50.19
75,bangalore,33.88,29,4.96,standard,1,8,33.82,40.38
905,kolkata,77.14,19,9.46,flex,6,3,75.11,26.76
616,hyderabad,60.66,18,9.0,flex,2,8,40.13,24.83
575,delhi,33.06,21,7.07,flex,8,11,79.23,26.59
3,chennai,38.47,15,7.69,flex,4,9,88.87,27.2
502,chennai,70.33,29,9.65,pro,16,3,48.25,53.13
702,kolkata,40.99,16,9.05,standard,7,6,71.71,34.24
236,hyderabad,66.53,27,5.11,flex,19,2,62.66,25.99
347,kolkata,30.05,21,11.04,flex,5,2,33.79,25.93
784,kolkata,47.08,23,8.76,standard,19,1,55.33,36.22
482,mumbai,28.24,24,4.37,standard,3,1,60.77,38.98
426,kolkata,79.74,19,6.08,standard,15,1,52.58,35.76
422,bangalore,53.23,20,10.75,standard,1,9,40.07,43.34
683,delhi,63.44,15,5.85,standard,0,1,37.15,33.0
802,delhi,34.07,21,4.28,flex,5,12,36.48,25.5
977,mumbai,22.34,27,4.65,standard,12,8,74.35,39.64
248,mumbai,20.59,24,8.28,pro,3,6,89.33,52.6
763,mumbai,65.27,20,10.26,standard,3,7,89.53,36.2
694,chennai,27.31,20,6.7,standard,5,3,89.51,38.67
126,bangalore,52.26,21,5.5,flex,2,8,51.8,26.99
122,hyderabad,52.22,15,11.63,pro,15,9,72.53,48.78
933,bangalore,29.86,28,11.33,standard,2,7,68.09,39.1
988,bangalore,34.82,19,5.11,pro,7,1,42.74,52.18
452,bangalore,20.86,25,11.11,standard,11,11,66.36,39.2
838,kolkata,55.53,16,5.34,standard,16,7,60.2,36.92
535,kolkata,59.8,29,8.38,flex,5,4,77.59,24.68
567,mumbai,35.66,25,6.82,flex,14,7,71.98,24.83
154,delhi,28.47,21,10.63,flex,15,5,88.88,26.87
515,delhi,31.52,16,7.6,pro,8,3,85.06,46.93
90,mumbai,75.44,23,6.68,pro,13,2,70.28,51.68
682,mumbai,53.12,26,5.06,standard,9,4,88.06,39.27
601,delhi,62.76,28,7.77,flex,1,11,52.69,22.0
166,chennai,38.97,24,9.8,standard,15,10,44.45,38.36
984,bangalore,28.83,22,8.35,flex,4,8,80.94,22.28
914,bangalore,29.7,28,5.65,flex,10,1,44.41,24.43
376,hyderabad,31.73,18,11.33,standard,17,1,42.08,35.94
154,delhi,47.9,19,10.98,flex,19,11,59.24,24.25
177,mumbai,57.45,19,5.52,standard,0,12,84.57,39.94
775,delhi,70.91,17,11.89,pro,3,1,86.46,50.08
442,kolkata,68.31,27,9.96,standard,0,4,33.08,43.42
666,hyderabad,57.15,18,5.49,pro,8,12,43.15,47.9
140,mumbai,49.08,23,7.86,standard,2,7,88.04,36.67
578,mumbai,60.84,26,4.99,flex,15,8,30.06,22.95
899,mumbai,34.54,21,7.1,flex,15,7,63.04,26.73
192,chennai,45.1,17,6.73,standard,13,4,34.11,35.16
84,chennai,39.67,25,8.91,standard,18,2,41.5,41.76
387,delhi,25.06,21,10.78,flex,10,11,46.45,27.42
267,mumbai,67.34,23,9.08,flex,5,7,42.7,26.99
806,kolkata,64.32,21,11.62,standard,13,8,71.77,37.18
516,chennai,23.17,24,4.81,pro,2,2,48.17,55.88
642,mumbai,42.78,20,11.19,flex,17,2,73.66,27.24
520,chennai,55.5,22,6.63,flex,10,10,67.4,25.14
477,mumbai,51.16,24,10.51,pro,15,12,41.15,56.68
905,mumbai,65.0,20,8.47,flex,17,6,34.18,26.32
446,bangalore,70.18,27,7.8,standard,11,6,81.13,40.57
57,mumbai,57.41,20,7.88,standard,9,1,70.37,34.82
816,kolkata,48.52,16,4.6,pro,19,8,80.25,48.36
530,mumbai,50.29,18,7.02,pro,9,10,64.61,52.56
88,bangalore,57.0,17,8.62,flex,17,2,49.95,24.2
525,hyderabad,33.88,21,10.13,standard,10,12,82.11,37.57
792,bangalore,61.11,28,7.86,standard,15,3,49.08,43.63
698,mumbai,49.14,23,8.38,flex,12,9,49.04,26.67
972,mumbai,74.37,26,11.71,pro,12,12,81.64,49.05
783,mumbai,43.65,24,8.61,pro,15,5,32.11,53.79
362,hyderabad,31.52,18,8.99,flex,13,5,48.58,25.61
496,chennai,65.39,15,5.67,pro,11,4,67.0,49.22
255,hyderabad,79.08,22,5.65,flex,15,1,50.51,25.2
837,chennai,39.07,26,7.57,pro,4,5,48.11,51.64
618,kolkata,69.77,19,11.82,standard,1,12,75.09,35.89
678,hyderabad,76.29,18,9.03,standard,6,11,72.05,37.58
848,hyderabad,34.54,24,6.44,flex,3,3,85.11,23.9
105,chennai,42.63,18,9.03,flex,8,7,82.17,23.54
628,kolkata,28.0,16,9.94,flex,9,9,85.46,22.23
132,hyderabad,42.16,24,4.95,standard,2,10,64.63,39.84
991,bangalore,55.12,21,4.06,pro,7,9,69.68,50.59
464,delhi,71.41,15,9.74,pro,15,2,62.17,48.02
817,kolkata,65.42,15,4.67,standard,17,4,58.83,39.67
975,chennai,45.03,29,10.99,pro,19,5,33.28,52.45
868,bangalore,71.47,28,8.92,standard,13,5,37.74,40.07
297,chennai,33.65,26,4.6,pro,1,12,79.23,50.9
193,hyderabad,47.01,24,9.68,pro,18,5,61.29,50.37
171,chennai,58.15,28,4.31,flex,8,7,32.82,29.27
378,delhi,26.72,22,11.15,standard,10,1,62.13,36.21
694,chennai,74.53,21,6.69,standard,15,6,87.72,33.0
193,bangalore,48.33,29,6.26,flex,18,8,54.3,27.74
109,hyderabad,54.71,23,7.58,pro,12,10,60.63,49.06
201,mumbai,77.99,21,7.14,flex,12,8,50.83,24.51
943,bangalore,76.26,22,4.73,flex,9,2,87.64,24.76
548,mumbai,64.92,19,11.96,pro,6,4,62.0,50.99
938,hyderabad,71.2,26,10.76,standard,8,9,46.3,38.97
641,bangalore,28.0,28,10.18,pro,2,12,30.82,51.01
109,chennai,49.05,27,8.11,flex,18,12,50.28,24.18
928,bangalore,20.55,28,5.46,standard,17,11,80.69,37.71
402,delhi,28.37,27,5.95,standard,7,11,64.99,35.48
547,chennai,43.67,25,9.75,standard,7,11,88.0,40.06
816,mumbai,61.41,21,11.73,flex,11,12,39.64,25.23
351,chennai,26.38,29,7.09,flex,0,6,74.84,24.52
108,chennai,62.67,24,6.48,standard,11,5,60.84,38.4
710,mumbai,44.31,23,9.73,flex,6,4,70.61,28.35
515,mumbai,36.7,16,10.73,standard,13,10,78.89,33.0
269,kolkata,27.14,27,5.59,standard,15,10,43.21,35.99
277,mumbai,62.92,18,5.71,standard,4,7,73.34,37.31
479,kolkata,68.01,23,6.43,pro,15,3,49.01,51.23
770,chennai,25.49,28,10.76,flex,5,8,71.23,24.98
835,bangalore,33.55,26,9.55,flex,14,4,38.22,25.64
120,delhi,63.62,18,10.81,standard,12,12,43.51,38.52
894,mumbai,65.11,27,4.02,flex,4,9,61.1,30.99
447,hyderabad,62.87,17,4.41,standard,10,10,56.96,37.26
395,chennai,35.49,23,8.43,flex,6,2,85.66,24.58
677,kolkata,26.37,20,6.41,flex,19,7,36.84,27.8
805,bangalore,68.41,19,4.28,flex,5,6,35.12,27.3
610,kolkata,35.91,25,9.53,pro,17,10,43.22,51.52
792,chennai,36.03,19,9.2,standard,6,9,79.69,34.89
988,hyderabad,57.29,24,6.06,pro,9,10,83.96,49.94
894,mumbai,50.42,17,9.89,flex,18,10,56.21,22.83
611,delhi,59.25,20,9.57,flex,0,4,80.18,27.48
51,delhi,78.95,23,10.01,pro,19,12,32.4,54.69
85,mumbai,55.56,24,4.44,standard,1,12,57.82,37.24
981,bangalore,74.83,17,7.82,pro,13,6,79.01,47.0
948,hyderabad,38.42,24,6.53,standard,14,6,69.33,38.1
907,hyderabad,24.62,20,9.89,pro,5,11,80.33,47.86
605,bangalore,31.55,19,6.03,flex,19,7,60.84,28.3
549,bangalore,65.19,20,5.49,pro,19,10,41.37,53.04
73,kolkata,43.8,27,4.14,pro,15,7,64.37,51.94
220,bangalore,36.45,24,7.53,pro,16,11,67.54,52.57
599,hyderabad,32.35,18,6.27,flex,13,10,48.35,25.61
826,mumbai,40.6,27,10.5,standard,5,4,76.61,40.31
749,mumbai,68.55,20,9.98,standard,6,7,87.02,36.97
845,kolkata,62.73,25,5.74,flex,11,3,32.88,26.84
912,bangalore,65.54,26,5.78,pro,7,10,38.8,50.89
397,bangalore,69.96,24,6.48,standard,10,11,85.68,38.85
538,mumbai,79.04,23,6.84,pro,6,2,45.14,52.27
676,bangalore,74.42,21,5.78,flex,19,2,57.17,26.3
577,chennai,48.14,17,6.43,flex,3,1,38.63,24.9
292,hyderabad,47.14,27,5.58,pro,3,6,40.01,51.53
39,chennai,41.24,23,6.93,flex,1,2,70.63,27.32
561,hyderabad,47.33,26,8.56,standard,8,10,55.49,40.79
123,hyderabad,20.41,28,11.84,standard,2,4,43.58,35.59
337,hyderabad,57.84,21,5.74,standard,11,4,48.62,35.68
574,mumbai,76.43,19,11.0,standard,8,10,67.45,39.78
861,bangalore,63.26,29,6.53,flex,9,2,31.69,26.75
320,chennai,28.77,26,11.19,standard,10,2,69.14,40.88
998,kolkata,74.57,29,5.42,flex,15,10,89.96,22.83
204,hyderabad,77.93,19,4.67,pro,1,1,77.71,48.98
430,hyderabad,42.7,28,4.74,pro,1,10,88.88,50.3
31,chennai,29.99,26,5.1,flex,8,3,31.11,27.02
768,chennai,34.62,27,10.74,pro,9,2,72.52,48.79
198,delhi,65.17,28,4.57,pro,5,9,64.93,55.19
986,delhi,73.2,15,9.72,standard,10,1,67.8,36.79
610,mumbai,25.61,28,9.15,flex,17,4,50.72,26.53
896,bangalore,31.54,22,10.91,pro,4,9,50.6,48.98
169,delhi,21.2,24,7.48,pro,18,11,61.08,49.7
524,bangalore,63.93,29,11.86,pro,6,5,65.31,52.13
747,hyderabad,24.16,15,7.33,standard,14,12,82.02,33.84
422,mumbai,57.61,27,11.97,standard,15,5,59.15,42.45
759,mumbai,68.05,20,4.01,flex,17,6,65.17,23.54
910,kolkata,74.89,20,7.71,flex,6,10,86.09,25.18
521,kolkata,47.39,22,4.79,pro,12,7,57.52,50.79
632,chennai,75.6,17,11.46,standard,2,9,61.04,36.14
651,delhi,37.12,15,9.72,standard,17,7,87.95,36.48
297,bangalore,66.61,25,4.04,standard,17,4,36.03,36.62
351,mumbai,43.36,18,11.97,flex,13,8,80.74,24.15
215,mumbai,41.97,15,11.72,flex,18,11,50.31,24.59
806,mumbai,44.48,27,5.28,standard,13,3,74.52,39.07
429,hyderabad,44.02,24,5.11,flex,11,1,59.03,26.04
158,bangalore,25.25,18,5.72,pro,6,11,77.48,49.68
673,hyderabad,77.14,17,8.54,flex,1,5,62.25,24.03
692,kolkata,78.97,26,4.36,standard,1,5,72.08,35.37
26,hyderabad,49.94,20,9.34,flex,1,4,75.93,26.91
291,kolkata,69.15,15,5.38,flex,12,9,42.78,23.63
892,chennai,55.1,21,6.03,standard,14,5,37.17,38.08
717,hyderabad,47.3,20,10.93,pro,17,5,70.16,48.02
498,hyderabad,77.79,28,6.1,standard,14,7,56.85,41.05
280,mumbai,41.36,16,9.57,flex,16,12,68.35,26.06
474,mumbai,72.0,24,4.36,flex,15,2,57.08,24.47
605,mumbai,71.19,29,8.05,flex,16,7,58.47,24.96
488,chennai,67.81,22,7.78,standard,13,3,33.33,35.55
708,mumbai,76.07,20,8.58,flex,5,1,77.64,22.0
272,mumbai,76.96,25,10.23,standard,16,8,32.11,40.63
134,delhi,24.92,17,7.58,standard,17,8,49.73,34.39
103,delhi,24.6,19,4.17,flex,2,2,59.36,23.35
711,bangalore,76.72,27,9.94,pro,14,1,57.76,53.59
910,kolkata,45.73,25,11.25,pro,9,10,46.05,53.71
508,chennai,76.63,20,9.88,standard,19,8,62.69,40.13
779,delhi,51.68,28,4.91,standard,2,10,53.0,35.95
922,bangalore,63.65,17,5.21,pro,10,4,52.56,50.29
602,chennai,26.14,18,9.6,standard,5,4,68.24,39.35
118,delhi,41.7,25,9.92,pro,10,12,76.99,50.17
78,mumbai,76.77,29,9.38,pro,2,9,33.02,54.87
480,chennai,32.17,24,9.79,pro,18,7,69.94,53.38
661,mumbai,35.28,28,7.6,pro,18,5,63.99,51.59
834,mumbai,47.6,15,4.44,standard,10,1,39.57,36.95
977,mumbai,50.47,21,4.88,pro,13,7,31.32,54.87
746,kolkata,25.39,25,5.17,standard,4,3,36.06,38.14
237,delhi,35.51,16,6.52,flex,7,10,59.79,26.08
738,hyderabad,66.37,15,6.14,pro,7,4,51.99,47.12
978,chennai,26.35,28,5.41,pro,5,7,89.16,50.66
907,chennai,49.6,19,8.43,flex,14,7,52.72,26.34
521,delhi,59.95,21,4.76,pro,9,7,73.75,52.65
336,delhi,30.01,24,4.08,standard,13,9,35.17,35.45
752,delhi,52.99,29,11.34,standard,14,4,89.44,36.7
222,mumbai,29.4,23,7.7,pro,15,6,60.05,53.74
444,mumbai,47.17,24,8.73,flex,7,2,45.34,23.25
709,bangalore,31.7,22,10.43,pro,0,6,72.82,51.42
463,bangalore,78.0,16,6.42,standard,2,8,87.87,34.2
8,hyderabad,61.9,17,6.8,standard,13,4,73.47,37.92
79,delhi,29.82,22,7.55,pro,7,1,51.77,48.41
205,chennai,73.32,28,9.37,pro,15,1,48.99,50.43
825,hyderabad,25.06,20,8.94,standard,12,5,62.74,35.01
218,kolkata,77.04,17,9.46,standard,9,9,33.16,39.87
845,kolkata,30.09,22,10.1,pro,11,8,44.85,57.76
93,chennai,69.47,18,10.6,pro,6,6,46.42,51.59
90,delhi,20.61,25,8.55,pro,9,12,56.81,50.7
284,bangalore,76.7,21,5.67,flex,11,2,44.41,22.0
968,chennai,50.22,18,11.33,pro,4,8,50.3,47.51
668,kolkata,22.37,19,8.65,pro,4,9,88.07,50.14
679,delhi,34.8,21,9.86,flex,2,3,89.51,26.38
407,hyderabad,45.61,22,7.31,pro,0,2,71.6,45.93
208,chennai,52.93,28,5.63,standard,19,1,87.61,37.37
935,delhi,50.73,23,9.98,standard,11,6,42.31,37.51
226,mumbai,65.72,20,11.91,flex,10,7,38.24,26.62
916,kolkata,29.41,16,7.1,standard,19,9,73.29,39.01
520,hyderabad,77.27,27,8.24,pro,13,9,72.82,52.8
242,delhi,28.64,16,11.75,pro,7,7,55.86,50.67
212,mumbai,39.22,28,8.8,flex,2,6,43.82,24.24
219,mumbai,61.47,28,11.59,flex,9,12,59.21,28.31
838,delhi,76.8,29,9.26,standard,9,11,56.95,39.31
499,delhi,65.23,15,4.94,flex,11,2,37.61,23.7
689,delhi,26.74,16,7.94,pro,10,6,55.46,54.18
903,bangalore,62.36,21,5.74,flex,3,10,56.62,25.29
447,mumbai,24.8,24,10.73,flex,8,7,35.09,28.64
543,chennai,40.93,19,4.42,flex,15,7,82.45,25.63
423,mumbai,29.34,21,9.02,pro,1,9,87.59,52.96
715,hyderabad,63.79,26,10.68,flex,5,1,51.57,25.43
359,kolkata,24.52,21,10.94,flex,10,10,83.3,25.66
774,mumbai,31.31,15,8.47,pro,6,4,88.76,50.51
707,mumbai,65.02,15,8.17,standard,19,12,47.68,38.75
514,mumbai,53.24,28,10.04,flex,4,11,82.88,29.32
666,kolkata,41.37,18,4.93,flex,4,4,50.47,27.76
344,chennai,72.88,19,11.8,flex,13,8,85.2,23.86
558,delhi,76.51,29,10.99,flex,9,3,70.15,22.96
606,bangalore,37.22,27,10.32,pro,13,1,48.1,53.13
57,delhi,35.12,27,11.22,pro,7,12,62.01,50.17
155,chennai,51.4,24,6.07,pro,5,9,83.98,50.58
125,mumbai,22.18,20,8.24,flex,8,5,41.98,26.08
716,mumbai,26.79,27,9.21,pro,2,8,62.45,52.52
801,kolkata,53.35,21,7.5,pro,3,12,38.3,52.98
811,hyderabad,58.36,22,7.65,standard,8,9,54.42,36.03
57,kolkata,36.06,29,6.1,pro,9,8,41.37,54.44
934,mumbai,31.88,16,6.56,standard,1,7,44.36,33.89
148,kolkata,37.77,16,6.87,standard,18,5,50.8,34.94
270,hyderabad,65.41,29,11.46,pro,19,5,39.12,52.07
664,chennai,23.8,29,8.57,flex,15,11,68.03,23.69
698,kolkata,51.65,28,11.01,standard,10,2,81.86,39.92
910,kolkata,41.1,25,5.66,pro,9,10,77.41,48.56
849,chennai,68.19,24,9.93,pro,18,10,51.53,48.74
585,kolkata,42.74,23,7.25,pro,13,7,79.08,54.04
299,chennai,59.69,22,6.71,flex,8,3,43.92,27.44
371,bangalore,62.32,29,5.85,standard,4,3,65.48,39.5
505,hyderabad,64.74,27,8.77,pro,7,3,35.38,50.1
570,mumbai,62.53,27,4.03,flex,1,4,38.57,27.28
995,delhi,58.36,21,7.82,flex,0,12,82.93,28.1
617,bangalore,26.85,23,8.7,flex,11,9,56.98,24.9
169,kolkata,79.95,26,4.51,pro,0,2,39.58,54.08
560,kolkata,78.51,18,8.89,flex,7,10,49.7,23.82
679,hyderabad,56.2,17,6.3,standard,9,6,30.9,39.11
105,mumbai,53.14,29,6.53,flex,19,7,82.48,23.13
753,mumbai,53.03,27,6.66,standard,19,1,53.91,37.72
651,chennai,38.77,25,5.18,pro,1,7,33.43,50.27
709,chennai,52.12,29,10.54,standard,8,3,55.58,35.8
54,kolkata,59.99,23,8.07,standard,0,1,44.13,36.06
106,mumbai,62.59,21,10.4,flex,1,3,88.51,24.51
558,chennai,37.4,16,4.71,flex,11,5,85.11,25.16
445,hyderabad,42.0,25,9.36,standard,10,3,88.08,34.28
831,kolkata,33.61,21,11.27,standard,18,4,31.16,33.0
47,hyderabad,74.58,21,4.58,pro,18,9,78.87,49.67
799,hyderabad,38.38,23,11.66,flex,2,2,55.65,24.22
105,hyderabad,71.36,23,7.83,standard,5,2,41.47,36.33
550,bangalore,39.3,17,10.84,flex,14,10,85.9,25.82
418,chennai,28.96,16,9.27,flex,8,1,84.05,23.62
136,bangalore,26.92,24,6.56,standard,18,10,81.53,37.71
677,delhi,23.14,15,6.19,pro,13,12,81.09,45.0
936,delhi,37.51,25,10.04,pro,3,5,84.65,49.22
516,kolkata,71.96,25,5.68,pro,19,12,82.67,55.5
881,chennai,39.23,27,8.09,flex,18,10,33.21,27.53
84,hyderabad,54.16,16,7.98,flex,12,10,78.72,24.84
450,bangalore,28.19,27,9.69,flex,14,8,31.21,28.28
958,bangalore,25.59,27,10.56,pro,15,8,68.48,48.49
604,delhi,39.14,28,11.63,flex,14,3,82.24,23.57
249,kolkata,71.03,29,7.77,pro,19,1,34.54,57.45
33,kolkata,41.21,22,4.31,pro,1,9,60.52,54.45
102,bangalore,70.55,21,11.02,standard,7,9,39.44,37.58
623,kolkata,54.78,23,7.65,standard,9,4,50.74,36.29
869,bangalore,31.21,15,6.95,pro,18,9,51.04,50.28
23,chennai,34.92,23,10.45,standard,6,4,66.4,33.0
51,delhi,74.15,25,6.85,flex,19,9,43.69,24.97
664,bangalore,44.11,29,4.32,flex,13,8,67.01,28.69
492,chennai,37.06,18,9.09,pro,12,9,56.74,49.19
702,hyderabad,35.96,19,7.16,pro,8,4,39.04,51.53
521,bangalore,67.1,28,5.64,pro,7,4,79.77,50.87
345,kolkata,73.27,16,5.98,standard,0,2,54.24,33.17
355,mumbai,46.19,27,5.05,pro,14,12,32.06,50.53
575,bangalore,78.38,19,8.03,pro,0,4,33.5,51.9
664,bangalore,64.3,21,6.06,flex,19,10,55.97,29.75
28,hyderabad,36.98,24,4.69,pro,8,11,85.39,49.49
105,bangalore,38.58,19,10.68,flex,17,12,69.25,24.36
725,mumbai,63.44,19,11.35,standard,17,7,71.3,33.41
168,chennai,38.66,29,4.53,flex,9,8,72.06,26.63
569,chennai,55.04,24,7.86,standard,15,8,34.19,38.67
789,kolkata,65.14,16,7.69,standard,5,11,61.63,37.91
800,chennai,63.2,22,11.13,standard,12,9,34.63,41.51
244,chennai,34.36,19,11.12,pro,14,1,79.37,45.0
635,bangalore,63.79,24,10.92,flex,18,4,72.67,28.06
122,hyderabad,65.37,24,5.93,pro,12,6,79.07,53.83
580,delhi,59.16,16,5.68,standard,9,12,49.48,34.95
794,chennai,66.27,24,7.82,flex,2,11,65.55,26.54
708,delhi,65.45,15,5.41,pro,6,9,83.2,45.0
169,bangalore,47.93,20,11.58,flex,14,3,38.13,23.31
472,delhi,35.17,21,10.08,standard,19,5,77.68,36.01
244,mumbai,36.03,22,10.83,flex,8,7,66.7,29.6
860,delhi,78.4,27,5.05,pro,12,9,88.08,53.38
329,hyderabad,26.6,28,6.75,flex,10,10,30.56,24.7
911,delhi,48.41,17,9.57,pro,13,12,69.71,48.8
65,mumbai,55.99,22,6.28,standard,5,7,33.36,45.12
574,chennai,74.86,16,11.44,flex,10,9,49.24,22.4
974,bangalore,63.22,27,10.29,pro,10,10,41.42,51.42
498,mumbai,77.83,16,5.18,flex,9,10,55.81,22.73
158,bangalore,25.67,15,11.94,standard,0,5,64.22,33.2
902,bangalore,76.99,22,10.74,flex,4,8,87.71,27.14
841,bangalore,58.57,24,11.83,flex,16,9,69.19,27.03
555,bangalore,42.41,15,4.32,standard,19,4,45.4,35.5
88,bangalore,44.14,19,11.73,standard,14,4,76.24,34.1
539,bangalore,51.93,23,7.22,standard,14,12,34.08,38.41
631,kolkata,34.18,26,8.59,standard,8,10,41.3,40.47
795,bangalore,36.07,23,8.96,flex,10,11,76.64,24.94
375,hyderabad,20.81,19,5.35,standard,3,1,70.73,36.91
680,mumbai,36.18,26,8.32,pro,4,8,41.67,51.68
205,kolkata,54.75,27,4.85,flex,1,9,61.15,26.29
979,bangalore,29.82,28,7.22,flex,18,7,71.01,22.17
523,hyderabad,66.68,27,8.49,standard,17,8,67.14,40.3
476,bangalore,58.99,27,5.47,standard,13,7,62.19,38.47
566,hyderabad,27.71,24,9.49,pro,16,3,48.08,48.11
964,kolkata,55.1,25,9.36,standard,16,5,35.37,39.46
832,hyderabad,38.29,18,8.35,flex,19,5,47.93,24.03
963,hyderabad,44.95,17,8.43,standard,14,12,36.04,36.06
601,mumbai,59.95,16,5.73,pro,11,10,80.58,51.51
387,bangalore,66.52,15,5.07,flex,0,10,50.38,24.83
541,hyderabad,30.09,19,4.93,flex,8,7,57.52,25.02
881,chennai,77.64,20,6.06,pro,16,1,80.73,54.27
797,bangalore,42.41,27,10.95,pro,11,12,69.05,48.39
553,hyderabad,54.95,15,7.98,standard,9,9,38.41,39.12
993,hyderabad,40.58,16,9.8,pro,18,11,59.78,52.06
309,hyderabad,76.0,29,7.18,pro,17,12,42.76,50.46
772,bangalore,32.77,22,7.24,flex,3,1,79.97,26.15
383,kolkata,75.83,18,5.79,standard,12,1,31.35,37.74
649,mumbai,69.23,18,8.39,pro,0,2,77.22,50.0
457,mumbai,75.87,27,8.9,pro,0,8,46.44,54.87
85,hyderabad,36.33,19,4.95,standard,14,7,38.92,36.26
490,chennai,43.62,23,11.0,standard,18,5,65.45,33.0
740,bangalore,47.54,23,6.02,standard,19,6,72.24,37.16
986,bangalore,46.98,15,8.34,pro,3,5,61.72,50.32
700,kolkata,26.8,15,6.34,pro,11,5,50.52,47.59
320,kolkata,77.08,22,5.18,standard,9,3,47.88,39.75
795,kolkata,62.86,25,9.64,pro,15,12,52.27,54.01
809,bangalore,33.32,27,8.17,flex,0,8,56.66,29.06
885,hyderabad,79.85,15,11.92,pro,7,2,30.71,48.04
425,bangalore,70.44,21,5.5,pro,15,2,82.85,51.13
576,kolkata,30.73,23,10.72,pro,15,5,56.9,52.76
214,delhi,60.58,26,5.26,flex,2,8,50.84,25.41
197,mumbai,44.37,27,10.01,flex,3,9,32.46,30.24
784,kolkata,75.32,16,8.99,pro,9,7,57.0,51.21
258,bangalore,35.76,27,10.05,standard,16,7,60.87,37.12
260,mumbai,24.39,27,10.5,flex,0,11,75.2,23.5
915,hyderabad,58.54,21,9.81,flex,4,9,47.94,28.26
200,hyderabad,72.26,29,10.12,standard,12,10,49.34,35.86
232,delhi,50.76,24,9.99,standard,4,8,34.41,43.56
413,delhi,36.34,25,6.49,flex,5,7,73.14,26.7
517,mumbai,72.95,25,11.49,flex,8,3,57.72,28.62
566,hyderabad,53.62,22,4.39,standard,19,11,50.41,35.05
863,chennai,20.95,23,4.27,standard,13,3,56.23,37.93
124,hyderabad,61.72,16,7.41,pro,12,11,33.28,46.45
107,delhi,26.58,27,11.43,flex,5,8,35.77,27.86
757,chennai,77.58,23,10.48,standard,15,4,82.48,37.18
179,hyderabad,63.62,22,4.63,standard,15,11,70.45,37.28
249,mumbai,30.28,26,4.11,flex,9,2,69.74,25.31
70,chennai,27.69,26,8.16,flex,9,4,74.9,26.29
288,mumbai,54.63,25,9.71,pro,6,8,67.48,53.2
942,kolkata,26.18,29,6.71,pro,0,3,47.91,53.09
40,delhi,47.33,22,6.31,flex,11,10,30.78,28.24
739,kolkata,71.15,27,4.2,pro,0,3,53.52,54.88
24,chennai,29.87,26,5.49,standard,0,6,32.27,40.02
869,hyderabad,38.91,26,7.05,flex,17,10,45.42,22.58
679,delhi,59.2,25,8.53,standard,17,1,52.87,36.8
166,mumbai,71.28,26,11.55,standard,11,5,63.64,36.52
617,hyderabad,32.45,20,9.53,pro,16,1,58.27,48.63
658,kolkata,63.8,25,7.72,pro,14,10,80.55,52.19
706,hyderabad,61.88,29,10.69,flex,18,10,59.74,25.29
732,mumbai,28.18,25,7.28,pro,15,8,30.87,49.51
491,chennai,40.75,29,6.38,standard,17,2,80.35,40.01
166,bangalore,52.13,28,4.12,pro,15,1,53.22,50.81
400,mumbai,52.98,26,8.51,pro,12,10,79.36,51.61
381,delhi,44.01,15,8.03,standard,2,5,56.49,38.19
55,kolkata,35.46,18,7.26,flex,0,12,43.27,24.84
527,hyderabad,22.68,27,5.04,pro,14,12,78.34,52.11
756,bangalore,56.54,23,9.44,pro,12,1,36.83,53.51
757,kolkata,62.72,20,4.64,flex,18,7,48.85,24.42
439,bangalore,66.16,27,11.82,standard,14,4,45.75,38.81
440,delhi,73.33,22,6.91,pro,9,6,68.87,51.37
903,chennai,63.73,21,9.31,flex,1,12,87.01,24.61
536,mumbai,67.08,20,8.24,pro,1,8,82.8,52.97
987,chennai,73.87,26,4.25,pro,18,4,83.71,54.55
362,kolkata,29.7,25,4.29,pro,6,5,39.22,52.21
320,hyderabad,32.02,27,10.03,pro,7,6,48.58,52.56
690,mumbai,37.86,22,10.71,flex,8,3,71.21,25.46
670,bangalore,57.64,17,7.64,standard,17,2,36.27,38.26
923,mumbai,25.75,24,4.82,standard,19,11,75.39,38.43
543,mumbai,70.58,18,5.77,flex,7,4,58.39,23.27
162,kolkata,73.65,24,6.0,standard,19,12,65.35,41.62
761,hyderabad,69.3,25,6.83,flex,17,8,52.69,26.2
62,hyderabad,25.94,16,6.15,flex,5,5,50.79,23.24
32,hyderabad,48.3,26,5.11,pro,18,3,40.54,54.92
180,chennai,43.86,20,5.47,pro,4,12,58.84,54.42
145,chennai,76.28,22,4.12,standard,6,11,50.0,39.7
866,chennai,46.14,16,9.72,standard,1,7,71.15,35.47
626,chennai,42.18,27,11.61,pro,16,10,76.66,51.99
262,chennai,59.64,15,7.33,flex,5,4,33.12,29.07
986,mumbai,74.32,18,7.27,pro,0,8,44.85,49.75
245,mumbai,22.84,18,11.29,standard,9,9,41.91,40.34
19,mumbai,38.31,25,4.14,standard,13,10,54.49,37.72
