zone_id,city,avg_rainfall_mm_per_hr,flood_events_2yr,aqi_avg_annual,aqi_severe_days_2yr,heat_advisory_days_2yr,bandh_events_2yr,dark_store_suspensions_2yr,road_flood_prone,month,risk_score
188,chennai,65.09,2,188.07,12,20,2,3,0,11,27.0
4,kolkata,59.12,5,270.17,15,6,1,1,0,3,42.51
135,kolkata,78.76,5,117.69,12,7,3,3,0,2,43.03
62,bangalore,29.12,0,141.91,11,9,1,3,0,8,27.64
130,bangalore,48.96,1,214.96,9,9,3,0,0,5,24.69
124,chennai,31.49,3,186.12,15,11,2,2,1,6,39.59
160,delhi,40.7,1,232.86,31,11,2,0,1,6,43.39
54,delhi,23.93,1,395.31,30,4,1,0,0,7,31.24
6,delhi,16.27,0,298.53,22,14,2,2,1,9,23.91
173,delhi,8.73,5,272.42,34,11,3,4,0,12,38.37
60,chennai,33.19,1,260.72,13,16,4,0,0,1,30.03
117,chennai,58.03,1,200.33,14,18,2,0,0,12,28.56
101,kolkata,61.42,3,150.76,8,9,1,0,0,7,32.21
81,mumbai,87.46,2,404.02,28,16,1,0,0,10,55.63
30,mumbai,59.27,3,346.29,26,8,2,1,1,8,45.84
74,bangalore,31.75,1,215.37,4,13,3,0,0,1,23.64
92,mumbai,83.34,4,215.19,28,13,1,2,1,12,67.37
101,kolkata,58.74,4,274.88,7,13,1,1,0,9,48.7
113,bangalore,54.35,2,203.93,11,12,8,1,1,4,29.45
30,mumbai,53.43,0,299.56,28,16,0,2,1,12,49.85
133,mumbai,74.88,4,191.01,30,10,4,1,0,3,49.23
111,bangalore,17.7,1,186.66,6,9,1,0,1,12,16.63
169,kolkata,66.61,2,151.22,11,4,5,1,1,11,32.61
36,hyderabad,50.28,1,159.75,5,23,1,1,0,6,34.32
168,kolkata,68.8,1,275.76,14,13,3,1,0,2,26.5
42,mumbai,52.73,5,403.09,21,8,1,2,0,4,43.72
157,bangalore,46.38,1,154.78,12,10,3,1,1,2,32.52
29,hyderabad,41.95,3,125.25,11,19,2,1,0,4,25.72
150,kolkata,82.02,2,138.14,12,11,3,1,0,8,52.94
131,mumbai,50.63,6,251.9,25,13,1,0,0,12,34.69
195,mumbai,84.87,7,227.07,28,14,3,3,0,10,66.84
25,chennai,58.09,3,271.24,17,24,3,0,0,4,35.63
164,bangalore,38.32,1,216.08,10,9,2,1,0,6,27.16
19,bangalore,21.96,1,182.91,6,9,3,0,0,11,22.83
116,hyderabad,45.95,3,102.14,12,19,1,1,0,12,43.72
29,delhi,32.55,2,314.56,28,14,1,1,0,2,30.28
46,kolkata,60.1,7,150.59,8,4,3,0,1,1,46.27
13,delhi,15.85,1,406.26,30,7,5,2,1,2,32.17
93,hyderabad,35.87,1,212.84,10,15,1,0,1,9,10.16
82,delhi,34.85,3,305.1,35,7,4,1,1,10,36.42
68,chennai,67.45,1,158.8,15,20,1,3,0,2,45.44
15,delhi,44.24,2,197.93,31,8,1,1,1,1,45.26
174,hyderabad,18.38,0,185.27,11,24,1,1,1,11,32.24
166,bangalore,12.28,0,153.52,8,9,2,1,1,1,19.83
194,delhi,48.43,1,295.32,20,7,1,0,0,9,31.21
122,kolkata,50.04,2,223.97,22,16,1,2,0,7,39.12
105,delhi,30.1,2,190.48,22,8,3,3,0,7,44.4
78,chennai,62.64,4,210.7,20,20,1,2,0,10,68.07
93,mumbai,60.65,2,277.2,29,6,3,0,1,7,34.87
59,mumbai,81.44,4,220.23,31,7,2,0,0,12,42.93
55,hyderabad,31.84,0,110.77,10,21,2,1,1,1,35.2
102,mumbai,74.16,4,403.43,31,7,5,1,0,11,41.52
15,delhi,50.36,1,388.54,26,10,1,2,0,6,30.5
146,delhi,46.21,2,226.99,36,7,2,0,0,7,41.17
49,mumbai,88.84,5,250.87,33,7,4,0,0,1,53.67
2,mumbai,79.03,4,329.73,27,5,3,1,0,11,48.97
50,delhi,40.67,1,352.22,21,7,1,0,0,7,32.09
3,delhi,18.85,1,192.56,26,10,1,0,1,6,22.89
86,kolkata,59.97,6,125.15,17,7,3,1,0,7,44.68
20,chennai,47.6,3,224.63,14,13,2,0,0,5,36.51
60,mumbai,81.12,5,221.96,28,3,0,3,0,10,34.33
103,kolkata,70.98,2,242.73,13,7,0,1,0,11,38.2
188,bangalore,36.92,1,163.79,10,5,1,0,0,5,19.03
69,delhi,47.68,0,297.18,22,14,5,1,0,5,35.56
5,chennai,49.95,0,116.46,17,22,0,1,0,1,25.64
11,kolkata,78.22,1,123.97,25,9,4,2,1,6,44.36
27,mumbai,86.4,3,327.11,39,13,2,3,0,1,63.51
121,mumbai,47.53,5,216.38,20,13,3,3,0,3,40.06
55,mumbai,58.4,2,390.4,27,6,2,1,0,5,38.35
146,chennai,32.38,3,164.76,15,21,3,1,1,4,34.12
109,chennai,56.92,7,179.68,18,19,1,0,0,1,41.95
57,delhi,10.64,1,270.46,27,8,0,0,0,5,6.5
21,chennai,51.24,0,158.07,5,15,3,1,0,8,38.55
147,chennai,48.5,2,222.84,21,17,3,0,0,2,47.64
167,delhi,52.51,1,185.29,32,10,2,1,0,9,41.46
6,kolkata,43.11,3,243.67,10,12,0,2,0,12,40.44
40,chennai,66.99,3,198.97,11,19,4,2,1,7,53.17
154,kolkata,69.91,1,234.55,18,14,1,0,1,1,46.33
94,kolkata,88.67,3,239.13,16,8,2,1,0,5,50.6
115,delhi,9.46,1,255.58,22,7,4,1,1,3,30.14
89,bangalore,39.52,1,152.59,8,11,2,2,0,6,31.58
8,kolkata,43.71,3,259.13,19,12,3,1,1,11,38.6
136,hyderabad,28.23,1,198.34,11,19,2,0,0,7,22.76
49,delhi,30.07,1,329.4,27,10,1,0,1,12,32.41
147,bangalore,13.35,1,212.39,11,5,1,2,0,1,2.48
84,chennai,63.8,0,123.63,16,16,0,2,1,8,44.49
152,kolkata,77.05,7,177.89,10,9,2,1,1,11,49.43
178,mumbai,48.28,1,362.86,39,6,4,0,0,8,37.23
141,hyderabad,53.94,1,103.9,7,23,2,2,0,8,40.13
47,mumbai,52.35,5,342.57,29,12,3,1,0,6,51.79
179,chennai,35.88,2,156.88,9,23,1,0,1,6,40.59
194,hyderabad,27.16,4,105.3,10,18,2,0,0,11,9.4
142,bangalore,42.45,3,229.25,2,3,5,1,0,8,31.48
120,chennai,30.27,2,129.2,18,18,2,1,0,2,16.58
98,kolkata,85.31,3,276.43,15,9,5,1,0,7,44.09
155,delhi,43.19,1,302.67,16,4,2,0,0,9,25.26
99,mumbai,68.59,6,190.15,29,7,3,2,0,12,56.75
57,mumbai,58.49,2,377.32,34,11,2,1,0,3,39.99
57,bangalore,44.75,1,186.33,12,8,2,1,0,6,25.24
59,kolkata,40.07,4,262.76,17,6,2,6,0,12,49.81
62,mumbai,70.99,7,334.28,25,7,1,1,1,12,54.11
108,kolkata,67.34,4,262.6,16,11,2,0,0,2,41.52
173,delhi,24.69,1,408.7,43,15,2,1,0,11,41.11
145,mumbai,54.44,3,362.64,26,13,1,0,0,4,36.04
4,kolkata,73.98,4,165.48,18,12,2,2,1,2,49.63
61,delhi,49.17,1,282.05,14,1,2,1,0,2,34.23
22,chennai,69.72,0,142.49,12,20,4,0,0,3,24.28
127,hyderabad,35.76,1,166.23,8,21,0,1,0,6,28.34
192,mumbai,49.01,2,210.03,34,3,1,0,1,8,40.6
151,bangalore,25.88,0,200.07,4,12,3,1,0,1,29.91
197,mumbai,80.82,2,404.47,30,4,4,0,0,8,45.51
71,delhi,17.65,2,356.04,33,8,2,1,0,2,23.63
65,delhi,17.65,1,248.99,30,8,3,1,0,3,32.05
111,delhi,29.11,1,405.37,30,10,3,1,1,10,38.14
69,chennai,62.56,0,210.21,15,14,0,0,1,11,32.18
107,delhi,10.94,2,341.49,29,11,4,1,0,2,20.52
196,hyderabad,27.71,2,118.15,7,17,0,3,1,12,34.87
29,hyderabad,22.56,0,162.1,13,17,1,4,0,1,38.08
115,hyderabad,16.42,1,106.46,4,13,0,0,1,7,20.37
141,chennai,53.37,2,176.48,11,19,3,0,0,2,22.85
25,kolkata,71.57,3,167.33,9,6,1,1,0,1,28.49
185,kolkata,74.86,4,158.54,14,6,1,0,0,12,44.19
49,chennai,54.55,4,270.23,15,16,0,0,1,12,50.89
104,bangalore,37.7,0,104.52,8,9,4,1,0,12,18.11
22,delhi,19.35,0,281.96,36,9,3,0,1,9,39.01
13,mumbai,78.84,6,232.14,27,12,9,1,0,7,46.88
55,bangalore,9.05,1,169.27,7,17,3,2,0,3,32.74
40,kolkata,45.5,3,275.62,7,8,1,0,0,2,21.79
163,kolkata,88.05,3,207.34,15,4,4,2,1,4,58.88
40,delhi,18.16,2,405.79,33,11,1,1,1,4,31.78
31,chennai,37.0,2,113.49,18,16,3,0,1,8,36.83
89,delhi,37.01,0,294.84,33,4,3,0,0,12,24.25
77,mumbai,89.59,2,210.33,29,8,1,1,0,3,49.01
84,bangalore,31.01,1,167.37,7,10,2,1,0,12,30.04
13,kolkata,40.03,5,169.71,8,7,1,1,0,4,38.12
103,delhi,43.86,0,335.18,23,13,3,1,0,5,27.78
177,delhi,17.91,4,256.33,32,6,3,0,0,1,28.93
76,delhi,53.28,0,351.85,31,9,2,0,0,4,50.05
131,kolkata,85.66,1,120.22,20,8,4,0,0,9,56.11
55,mumbai,61.5,4,298.28,25,13,1,2,0,5,43.44
182,hyderabad,12.33,1,215.4,12,22,1,0,0,8,16.07
162,mumbai,77.26,3,192.43,29,10,0,1,0,5,48.97
68,mumbai,55.59,5,233.76,24,7,2,2,0,5,31.5
146,delhi,50.64,0,232.82,28,6,2,0,0,12,31.28
3,mumbai,79.05,4,406.36,24,13,1,2,0,5,61.97
2,bangalore,16.98,1,132.63,9,8,3,0,0,12,3.38
111,chennai,48.88,0,116.7,15,15,3,0,1,9,42.09
106,kolkata,44.66,2,163.98,11,5,4,1,0,8,29.54
147,hyderabad,43.73,0,110.89,5,17,1,0,1,5,26.73
163,kolkata,83.76,3,117.7,16,3,2,0,0,6,48.24
144,bangalore,48.71,0,155.48,12,9,0,3,1,5,49.97
176,mumbai,40.07,2,291.38,39,9,2,0,0,12,45.67
36,chennai,58.41,2,160.31,15,18,0,1,1,7,41.65
43,hyderabad,42.16,3,207.25,8,12,4,2,0,4,29.55
109,bangalore,41.47,1,91.81,11,11,3,0,0,5,24.7
151,chennai,66.18,2,242.66,16,15,2,1,0,9,36.65
7,delhi,44.26,3,196.01,16,11,6,4,1,12,51.71
47,kolkata,60.61,2,209.37,25,8,0,1,0,10,39.4
36,hyderabad,38.47,0,203.92,10,13,1,1,1,6,22.54
152,mumbai,43.96,4,216.35,27,10,1,2,1,4,54.16
113,kolkata,65.81,6,277.03,8,7,1,1,1,3,47.22
6,mumbai,67.73,8,330.16,29,7,1,0,0,8,57.73
172,chennai,53.03,3,195.97,7,19,3,0,0,6,37.98
46,bangalore,52.46,1,100.81,5,7,3,1,0,10,16.03
38,bangalore,9.95,3,158.66,5,14,2,1,0,2,14.51
103,hyderabad,34.72,0,178.59,7,16,4,0,1,7,46.09
168,delhi,17.88,1,265.16,33,11,1,1,1,12,34.76
162,delhi,34.97,0,187.42,31,7,3,0,0,7,28.36
137,chennai,41.11,3,214.62,8,13,1,1,0,8,43.24
37,mumbai,53.3,7,356.62,23,4,1,0,0,4,44.55
68,mumbai,77.9,3,414.37,25,11,2,1,0,12,47.15
59,bangalore,50.16,1,223.88,5,15,3,1,1,12,35.17
95,delhi,21.6,4,335.24,30,10,2,3,0,4,40.79
136,bangalore,42.09,0,147.09,10,5,2,2,0,12,25.82
22,delhi,30.28,2,292.32,27,10,1,1,0,6,40.07
146,mumbai,77.64,5,238.12,31,8,6,1,1,7,83.38
183,mumbai,77.73,4,349.53,25,5,1,0,0,7,49.89
198,chennai,46.35,6,230.51,20,15,0,1,1,3,37.38
140,hyderabad,52.91,0,210.35,9,15,2,0,1,1,29.04
79,kolkata,76.97,3,174.15,13,8,1,2,0,6,41.57
74,delhi,37.76,1,358.97,34,19,2,1,0,7,36.82
148,bangalore,24.94,0,118.3,9,9,1,1,0,5,16.33
157,delhi,10.33,0,291.61,23,15,5,0,0,12,14.11
98,chennai,58.56,2,144.69,11,18,4,2,0,6,56.82
100,chennai,52.99,1,113.75,12,16,6,0,1,10,31.54
72,kolkata,56.39,5,257.84,8,8,0,0,0,2,58.32
11,mumbai,76.94,3,202.25,28,9,0,0,1,8,52.05
149,bangalore,31.02,1,162.7,7,9,1,2,0,12,15.87
87,kolkata,54.07,6,153.41,18,11,3,0,0,5,35.09
13,chennai,73.48,5,187.46,14,15,1,2,0,1,51.26
11,delhi,48.05,1,203.9,26,12,1,3,0,3,38.46
28,chennai,72.49,3,254.04,12,16,0,1,0,10,52.7
98,delhi,53.92,0,286.87,28,7,1,1,0,5,32.31
167,chennai,49.55,3,165.46,17,19,2,0,0,5,32.07
158,mumbai,60.0,2,216.42,29,7,3,3,1,1,40.83
165,chennai,61.37,1,191.7,7,17,2,0,1,3,18.59
49,hyderabad,30.06,1,116.97,8,17,1,0,1,1,21.74
40,bangalore,44.4,0,155.48,4,16,2,2,0,1,22.6
17,delhi,28.66,1,255.95,19,8,2,0,0,9,39.28
12,hyderabad,48.76,1,213.57,3,23,1,0,0,7,28.34
164,mumbai,82.59,1,394.97,28,7,2,3,0,1,50.81
102,mumbai,62.9,5,263.53,27,6,1,1,0,12,48.29
13,chennai,53.13,5,254.49,13,17,2,2,0,12,31.75
2,mumbai,44.48,4,302.19,35,8,1,0,0,4,37.38
31,bangalore,18.61,0,211.27,9,5,1,1,0,4,10.76
118,delhi,21.93,1,336.59,16,10,2,1,1,7,45.64
53,hyderabad,28.45,0,166.36,7,18,4,0,0,5,14.08
156,delhi,26.17,3,317.32,22,9,0,2,0,6,33.19
139,bangalore,43.33,1,103.58,15,6,1,4,0,9,31.64
72,bangalore,39.57,1,178.35,11,8,3,0,1,5,29.99
55,hyderabad,49.98,1,187.14,9,10,4,0,0,5,29.08
59,delhi,19.06,2,214.62,32,10,2,0,0,8,26.61
116,delhi,20.49,1,337.58,36,8,0,1,0,12,30.65
176,hyderabad,33.61,0,123.16,5,13,1,1,0,5,13.67
134,kolkata,74.28,1,260.8,11,8,3,2,0,11,34.48
137,mumbai,71.34,2,336.55,26,6,4,1,1,4,41.06
56,mumbai,54.97,1,375.83,26,9,0,2,1,1,57.41
30,delhi,43.38,1,319.74,25,11,2,0,0,9,31.16
97,mumbai,87.95,4,345.55,39,10,2,1,1,9,68.83
138,delhi,17.6,1,418.95,28,14,1,1,0,2,23.03
174,hyderabad,18.36,0,146.89,11,20,5,0,0,7,28.82
123,hyderabad,37.86,0,118.95,12,12,2,0,1,3,35.95
103,kolkata,78.59,5,244.52,19,6,1,0,0,7,53.34
161,hyderabad,24.06,5,197.18,10,15,0,2,1,5,39.17
151,mumbai,67.31,3,203.82,19,9,2,2,0,4,46.1
113,hyderabad,11.71,0,156.44,9,25,4,1,0,1,13.31
122,delhi,21.65,0,251.64,31,7,2,3,1,10,29.96
11,delhi,20.57,1,209.66,21,7,2,0,0,10,23.13
48,bangalore,31.96,0,111.18,5,10,4,1,0,7,29.42
2,kolkata,47.74,2,153.29,14,5,3,0,0,5,32.55
163,hyderabad,31.46,0,144.53,3,15,0,0,1,1,23.93
185,chennai,41.64,2,194.41,9,16,1,0,0,10,32.9
147,hyderabad,25.0,2,96.61,6,18,2,1,1,2,25.46
123,mumbai,77.85,4,291.31,22,7,1,4,0,9,53.72
139,kolkata,86.42,2,220.96,11,12,2,2,0,2,38.1
113,delhi,44.56,1,270.29,26,10,3,0,0,3,37.61
119,bangalore,40.08,1,227.05,8,11,1,1,1,3,29.57
31,chennai,50.96,2,208.96,12,18,4,0,1,9,46.62
181,hyderabad,49.82,2,124.53,11,18,4,1,1,10,31.34
126,hyderabad,43.16,0,118.73,9,16,0,1,1,9,29.79
166,mumbai,76.07,6,210.27,28,6,0,3,0,4,44.35
181,chennai,74.19,6,154.44,22,14,4,2,0,2,63.34
185,delhi,53.61,0,244.44,28,6,2,2,1,3,33.5
41,hyderabad,24.4,1,212.38,7,20,5,0,1,7,38.26
31,kolkata,86.31,0,122.82,11,10,1,0,0,11,34.32
16,delhi,10.49,2,257.65,22,7,0,1,1,1,28.04
40,chennai,71.65,5,167.75,17,15,1,1,0,12,48.45
139,bangalore,36.03,1,163.26,8,7,3,2,1,5,32.56
166,chennai,54.72,2,187.59,15,17,2,0,0,4,39.23
65,bangalore,28.25,0,151.32,8,11,4,0,0,2,9.44
81,bangalore,48.63,1,92.26,11,13,4,1,0,11,26.92
85,mumbai,56.87,4,404.03,25,5,0,2,1,6,62.72
167,bangalore,43.14,2,162.56,7,10,1,2,0,12,34.47
123,mumbai,64.1,8,252.84,26,6,0,0,0,1,29.67
20,bangalore,28.04,1,198.36,4,13,1,3,0,9,22.4
56,chennai,56.61,4,162.68,14,23,3,3,0,5,49.59
163,kolkata,87.89,2,176.78,10,8,3,0,0,9,38.92
175,mumbai,63.03,6,256.81,27,4,3,2,0,11,37.97
142,kolkata,77.75,3,257.22,10,10,1,1,1,11,52.51
46,hyderabad,11.4,0,213.51,11,16,4,3,0,4,10.3
65,kolkata,82.49,2,170.11,9,11,1,1,0,8,50.76
38,delhi,16.78,2,270.43,28,8,0,0,1,9,38.93
50,chennai,43.94,3,234.56,15,15,4,1,0,1,30.63
72,kolkata,74.41,5,189.52,11,7,2,1,1,9,53.85
15,chennai,58.04,0,195.63,10,20,3,1,0,7,45.46
76,mumbai,89.73,3,254.3,25,13,0,1,1,9,73.59
30,chennai,30.49,1,241.39,14,19,1,1,1,9,39.4
125,kolkata,85.89,6,117.89,15,9,2,1,1,10,60.72
27,delhi,36.72,1,361.5,34,10,2,0,0,9,37.87
86,bangalore,31.73,0,203.78,10,8,6,0,0,2,15.46
24,chennai,68.63,3,122.43,17,24,1,0,1,8,54.92
37,delhi,10.21,2,374.98,24,6,1,0,1,5,23.46
147,delhi,29.05,2,209.59,21,7,7,2,0,2,35.23
24,chennai,46.39,2,156.7,19,15,0,2,0,11,37.92
182,hyderabad,36.52,0,134.9,9,19,1,0,1,6,34.23
144,kolkata,64.47,3,230.13,21,10,3,1,0,7,37.13
19,delhi,32.4,0,281.41,25,12,2,0,0,2,35.96
79,bangalore,8.86,1,177.64,8,8,2,1,0,11,16.26
88,bangalore,22.55,2,154.41,5,6,2,1,0,12,5.95
52,delhi,12.42,0,416.1,41,13,3,1,0,9,29.63
20,mumbai,61.97,6,206.25,26,9,0,2,0,1,52.06
9,hyderabad,53.2,2,166.9,15,17,0,0,1,7,45.63
80,bangalore,49.12,2,224.59,11,7,2,1,1,9,50.87
82,kolkata,69.04,5,130.43,14,10,0,1,1,4,55.56
77,mumbai,55.63,10,189.38,30,9,1,1,0,5,50.93
120,bangalore,24.72,0,195.84,10,9,4,0,1,2,22.99
115,chennai,72.04,2,268.02,10,19,2,2,1,10,42.32
46,hyderabad,50.19,0,189.58,6,18,0,0,0,10,26.26
56,kolkata,43.62,7,237.2,20,6,1,2,1,10,46.39
22,mumbai,89.49,2,183.3,37,10,7,0,0,8,49.84
101,bangalore,23.71,0,137.75,6,8,2,1,0,5,10.39
167,chennai,68.46,1,147.93,6,17,1,3,0,12,37.4
40,mumbai,62.58,4,228.11,27,10,4,0,0,6,53.05
145,delhi,14.36,1,338.75,35,5,2,2,0,11,32.14
92,mumbai,61.79,3,202.52,28,13,2,2,0,2,38.17
183,delhi,27.41,1,180.56,24,6,5,3,0,8,27.99
37,delhi,49.78,0,315.18,30,13,3,0,1,6,48.82
95,delhi,20.18,0,188.61,37,7,2,0,1,3,31.76
115,bangalore,50.93,3,126.34,8,9,3,0,0,6,24.71
25,kolkata,81.31,4,151.76,8,8,1,1,0,2,57.14
188,bangalore,38.67,1,115.65,8,6,1,2,1,12,30.61
139,bangalore,12.96,4,213.79,13,13,1,0,0,2,24.46
74,bangalore,21.31,0,107.77,12,7,1,2,1,4,22.51
12,mumbai,46.31,6,184.68,33,10,2,0,0,4,43.89
145,bangalore,19.33,2,212.27,8,7,1,0,1,8,27.68
149,chennai,55.33,2,258.12,10,24,2,1,0,10,34.19
78,bangalore,41.03,2,189.42,11,10,1,1,0,5,19.88
140,delhi,14.29,2,188.08,21,6,4,1,0,7,35.39
165,mumbai,87.81,2,295.06,28,14,0,0,0,3,51.22
41,kolkata,81.27,5,246.52,13,12,3,2,0,5,35.05
92,hyderabad,32.81,3,177.66,12,18,1,1,1,6,54.98
168,hyderabad,30.11,4,99.04,12,16,2,2,1,9,49.47
88,delhi,54.34,1,227.78,29,8,2,2,0,11,43.22
15,bangalore,28.75,1,180.0,12,8,1,0,1,3,33.11
182,chennai,64.46,1,149.37,10,12,4,0,0,11,18.02
25,mumbai,47.67,1,323.08,37,12,2,1,1,6,45.69
107,hyderabad,34.18,2,109.08,14,20,2,3,1,3,47.94
145,delhi,11.72,1,228.5,40,8,1,0,0,7,31.74
123,mumbai,79.88,2,356.83,30,4,0,2,1,9,75.39
195,bangalore,38.09,4,122.63,6,9,0,1,1,8,37.94
28,delhi,31.73,2,280.35,29,13,3,3,0,10,37.25
90,mumbai,65.62,1,220.89,28,13,1,0,0,10,38.45
172,delhi,35.71,1,402.7,34,9,4,2,1,7,43.5
35,chennai,48.17,1,158.3,10,15,3,0,0,3,17.1
47,kolkata,76.7,1,239.31,16,9,2,1,0,2,39.95
96,hyderabad,31.05,0,164.94,8,17,0,0,0,7,12.4
111,mumbai,88.23,4,300.08,28,9,2,0,0,5,45.66
76,chennai,55.97,1,278.78,9,24,2,0,0,7,34.97
119,delhi,32.04,1,300.74,29,5,4,2,1,6,35.1
109,hyderabad,36.57,0,153.59,12,25,1,1,1,3,34.77
115,mumbai,41.71,5,203.92,24,5,0,1,1,9,53.05
141,delhi,13.24,0,282.75,23,7,5,2,0,8,31.69
37,chennai,37.71,3,261.9,13,17,6,1,1,7,43.4
12,hyderabad,9.25,1,137.72,14,13,3,2,0,4,19.79
20,chennai,72.42,3,167.87,14,18,1,3,0,3,37.99
150,bangalore,13.56,3,218.02,9,7,1,1,0,11,26.82
80,hyderabad,17.95,0,134.28,10,16,3,0,1,12,25.4
104,kolkata,53.81,5,222.22,18,12,1,0,0,2,41.09
160,hyderabad,29.2,3,163.18,8,14,3,1,0,9,37.51
146,bangalore,53.2,1,189.37,12,11,1,3,1,6,45.92
137,kolkata,56.68,2,200.93,12,9,0,0,0,3,33.15
83,kolkata,76.42,0,272.17,8,15,1,0,0,8,30.55
86,kolkata,79.49,5,195.25,14,5,1,1,0,8,47.18
14,delhi,14.54,0,287.51,22,13,1,2,1,6,35.19
101,mumbai,73.87,2,374.52,36,15,1,0,1,10,47.85
96,kolkata,64.68,4,204.35,20,12,2,2,0,10,36.47
73,chennai,56.56,4,175.09,11,24,2,0,1,5,52.44
43,chennai,37.32,5,158.42,14,19,1,1,0,11,28.64
156,delhi,49.19,0,182.85,25,12,0,1,0,11,24.49
156,bangalore,8.59,0,131.59,4,7,1,2,1,10,26.41
105,mumbai,81.43,4,251.12,32,2,0,0,0,4,41.84
133,mumbai,56.16,3,225.34,35,12,2,1,1,2,50.77
39,delhi,21.16,0,206.94,25,5,2,0,0,1,14.83
29,kolkata,43.71,2,271.59,22,3,2,1,0,2,44.65
188,mumbai,50.87,4,267.21,22,5,3,0,0,1,40.29
172,hyderabad,27.57,2,188.55,12,21,3,1,0,7,27.61
30,kolkata,75.65,2,271.99,13,3,3,1,1,6,42.58
163,mumbai,57.16,2,365.4,22,15,1,1,0,5,41.74
39,delhi,18.98,4,399.22,24,10,3,2,1,6,49.27
20,mumbai,80.86,3,253.31,32,10,2,0,0,3,45.33
139,chennai,50.28,2,252.05,24,17,2,2,1,3,52.38
88,delhi,53.39,3,232.3,30,4,2,2,0,6,39.36
59,bangalore,16.75,0,109.37,9,7,2,2,0,10,19.07
105,bangalore,38.88,1,204.87,7,5,1,1,0,12,11.89
135,chennai,39.5,1,152.99,14,15,4,1,0,5,32.42
5,mumbai,40.79,2,199.97,25,12,1,0,1,4,50.93
6,mumbai,45.94,0,393.6,24,13,3,1,0,6,36.91
186,chennai,61.18,0,182.73,10,18,1,0,0,10,38.08
57,delhi,42.52,2,411.45,23,11,3,1,1,1,41.74
161,kolkata,48.43,1,264.39,8,6,4,3,1,4,36.63
189,mumbai,87.63,3,377.76,31,5,4,0,1,7,45.8
147,hyderabad,19.0,2,167.0,9,17,4,1,1,9,29.96
11,kolkata,56.24,1,248.69,13,10,3,3,1,3,41.73
97,delhi,8.33,0,204.19,24,4,4,4,1,8,40.14
122,chennai,53.37,1,160.93,15,12,0,3,0,8,33.95
15,hyderabad,32.76,1,95.28,13,14,0,2,1,6,39.99
78,kolkata,70.62,4,137.44,12,12,2,0,0,6,42.92
41,mumbai,73.45,3,417.69,31,4,2,0,0,7,60.36
52,chennai,30.65,1,206.42,15,18,4,1,1,12,28.08
94,chennai,41.59,2,187.41,13,17,2,0,0,5,21.42
85,delhi,33.48,2,287.11,27,5,1,0,0,5,22.58
161,delhi,41.72,1,236.21,28,6,3,3,0,4,37.99
147,hyderabad,21.7,0,123.36,13,16,0,0,0,2,3.11
190,kolkata,88.35,3,228.83,11,6,5,1,0,9,47.73
30,kolkata,70.58,3,209.33,6,15,3,0,1,12,37.99
149,kolkata,52.93,6,272.08,14,6,1,1,0,10,41.99
38,mumbai,69.0,2,368.73,24,11,2,1,0,12,37.61
2,kolkata,77.08,2,175.12,12,8,1,0,1,4,51.2
109,bangalore,41.28,0,210.69,11,7,2,1,0,3,26.87
120,bangalore,21.88,0,167.54,8,16,1,0,0,4,20.44
175,kolkata,42.41,0,212.03,12,6,0,1,1,9,34.27
98,kolkata,74.13,3,194.78,17,7,0,2,0,8,43.82
40,hyderabad,22.01,0,95.22,8,12,2,1,0,6,28.35
167,kolkata,83.68,4,261.66,13,11,1,1,0,11,52.38
21,chennai,47.02,1,206.9,12,18,1,0,0,12,18.34
126,kolkata,88.82,5,204.15,14,11,0,1,0,11,47.74
144,bangalore,26.98,0,180.82,12,13,3,1,0,2,20.26
7,mumbai,54.54,5,256.47,36,13,2,1,0,12,54.64
62,chennai,61.74,3,169.99,8,7,3,0,1,3,36.18
40,hyderabad,37.44,2,167.7,7,14,1,2,0,3,27.92
104,bangalore,37.8,2,175.47,8,9,1,1,1,1,40.44
157,hyderabad,53.91,1,126.47,7,24,2,1,0,5,26.16
194,delhi,41.22,1,232.8,25,8,2,2,0,9,46.88
154,chennai,44.46,2,271.31,15,21,1,1,1,5,36.76
79,kolkata,41.28,4,171.78,11,14,2,1,0,9,32.27
172,delhi,52.63,1,301.56,28,8,2,1,0,6,42.89
25,delhi,38.31,0,355.59,24,13,1,1,0,3,38.35
106,kolkata,71.0,2,219.31,16,7,2,1,0,2,35.34
178,chennai,40.93,5,264.0,11,14,3,2,1,10,35.77
105,kolkata,72.87,3,223.62,17,10,0,3,1,6,55.66
198,delhi,20.09,1,213.1,29,14,2,2,0,5,29.46
33,delhi,20.83,0,279.77,32,12,1,0,0,12,15.47
172,hyderabad,14.21,1,149.12,6,20,0,0,0,2,1.69
6,delhi,10.14,0,307.47,26,14,2,4,1,2,41.66
49,bangalore,22.98,1,93.38,14,13,3,0,0,6,25.85
88,mumbai,57.34,2,326.28,26,12,1,0,1,9,43.18
122,chennai,55.28,2,156.53,10,14,2,0,0,10,31.67
181,mumbai,57.58,2,316.57,32,8,0,2,0,12,46.4
128,hyderabad,10.67,0,149.84,9,20,3,0,0,11,30.04
183,delhi,18.86,1,282.21,22,11,2,0,0,6,12.21
43,kolkata,84.75,4,125.29,15,9,3,1,0,4,49.48
105,mumbai,52.7,4,207.94,30,10,1,3,1,7,46.1
188,bangalore,22.75,1,207.17,7,10,2,0,0,2,24.44
159,delhi,43.3,2,362.03,26,14,3,0,0,7,40.63
33,mumbai,70.69,4,355.93,24,12,2,2,0,3,54.8
39,kolkata,66.5,3,111.32,14,16,0,1,0,11,34.77
138,bangalore,28.25,1,122.28,9,12,1,0,0,5,20.93
113,kolkata,64.13,5,119.07,13,11,4,1,1,4,52.97
153,mumbai,75.44,5,318.36,42,7,2,0,0,4,38.77
183,hyderabad,13.72,3,154.94,8,11,0,0,0,3,14.46
53,hyderabad,32.46,1,95.15,7,16,1,0,1,10,44.32
114,hyderabad,23.8,0,212.19,12,25,2,1,0,6,44.19
10,bangalore,11.06,0,106.18,12,10,3,0,1,9,27.72
3,delhi,46.25,1,394.03,37,5,4,0,0,5,33.75
143,mumbai,50.91,2,245.08,39,9,3,0,0,8,41.28
106,kolkata,59.11,2,143.46,15,8,0,1,1,2,35.28
153,bangalore,14.11,1,187.84,12,10,0,2,1,6,34.46
73,delhi,41.21,5,184.38,35,6,1,2,0,1,49.78
8,hyderabad,8.27,1,155.83,7,12,0,0,0,1,8.49
121,mumbai,57.14,3,320.79,36,13,1,1,0,8,47.23
180,delhi,9.44,4,408.99,36,17,0,0,0,4,28.5
10,mumbai,50.83,1,352.38,20,7,1,2,0,9,42.59
175,hyderabad,26.89,3,104.26,7,19,3,0,1,12,17.12
53,mumbai,77.17,6,393.7,37,6,1,1,0,3,48.91
85,mumbai,82.32,7,311.55,27,7,4,0,0,3,41.2
106,hyderabad,53.49,1,92.67,8,10,3,0,0,12,25.91
171,mumbai,62.45,7,380.81,22,11,4,2,0,4,53.66
171,kolkata,70.52,4,218.96,14,7,1,0,0,3,34.44
149,chennai,73.98,3,135.35,23,24,1,2,0,3,57.95
72,hyderabad,19.87,3,193.67,7,12,3,6,0,10,24.76
64,delhi,45.08,1,288.92,25,8,3,3,0,10,51.89
120,bangalore,14.08,0,150.14,5,7,4,0,1,8,18.32
79,bangalore,16.63,1,161.88,13,18,4,0,1,10,12.15
129,bangalore,17.2,2,136.97,7,9,0,0,0,6,24.14
75,delhi,44.47,1,269.94,25,9,3,2,0,8,39.93
88,delhi,54.52,0,280.29,25,4,3,2,0,2,34.54
181,hyderabad,22.65,1,155.6,11,17,4,1,0,8,39.2
139,hyderabad,12.87,0,102.8,11,20,0,0,1,7,32.5
6,bangalore,19.88,1,119.62,9,9,0,2,0,3,20.46
147,mumbai,62.59,0,377.76,35,8,2,1,0,8,63.45
190,delhi,18.21,4,413.29,21,11,3,2,1,10,23.18
184,kolkata,81.64,3,111.03,16,6,2,0,1,5,44.99
190,kolkata,54.8,2,203.73,15,8,3,1,0,3,36.43
146,mumbai,46.71,3,363.72,30,14,0,2,0,2,46.45
32,chennai,30.05,2,221.06,6,13,2,0,0,7,29.57
95,kolkata,45.04,5,159.2,16,13,0,2,0,10,38.85
7,hyderabad,25.36,0,170.06,6,20,2,1,0,9,24.76
69,kolkata,80.08,4,175.56,14,13,3,0,0,7,63.98
157,bangalore,42.7,1,98.99,13,8,1,2,0,5,36.95
9,kolkata,45.37,3,212.5,15,8,2,3,1,4,52.6
90,mumbai,70.75,3,297.18,24,8,2,0,0,4,46.06
105,chennai,57.59,1,115.37,14,12,1,1,1,9,51.42
145,delhi,30.0,0,321.27,37,8,1,0,0,2,28.21
158,hyderabad,39.48,2,192.23,9,19,1,0,1,4,30.39
102,hyderabad,39.96,1,125.05,8,28,4,1,1,8,38.77
156,delhi,30.23,2,275.19,26,10,1,1,0,6,39.39
21,delhi,53.11,1,237.55,33,10,1,5,1,2,66.23
55,delhi,28.0,0,313.64,28,10,1,0,0,7,23.98
62,chennai,51.92,3,166.68,12,23,4,1,0,6,37.3
153,mumbai,81.94,7,327.18,26,8,1,2,1,3,49.02
3,kolkata,53.27,4,185.55,18,7,0,1,0,12,33.29
180,kolkata,51.88,6,115.98,10,7,1,2,0,7,31.59
117,bangalore,15.3,0,228.58,14,9,2,0,1,2,23.04
149,bangalore,22.07,1,195.39,11,9,2,0,1,6,23.37
68,mumbai,68.02,5,408.13,30,8,3,0,0,6,46.98
52,mumbai,81.21,4,372.52,39,6,3,2,0,2,41.62
134,mumbai,59.71,4,243.17,31,11,4,0,0,2,57.93
163,chennai,61.65,2,202.52,18,25,4,1,0,4,26.5
52,delhi,21.97,1,191.02,20,14,1,1,1,7,42.49
170,kolkata,47.42,3,267.51,12,11,0,1,0,11,31.77
196,mumbai,72.33,5,261.23,26,11,1,0,0,8,47.37
113,kolkata,74.24,4,274.79,9,12,5,0,1,3,41.85
42,mumbai,68.51,4,348.97,22,5,0,1,0,5,48.12
148,bangalore,34.86,1,97.08,11,9,3,2,1,11,40.68
34,hyderabad,45.18,1,157.02,6,20,4,1,1,7,39.14
175,mumbai,43.97,7,277.08,32,17,0,2,0,10,50.38
146,hyderabad,42.34,0,190.05,9,14,2,1,0,12,29.19
146,kolkata,79.99,1,153.13,14,6,0,1,0,10,46.54
178,mumbai,82.17,2,323.03,24,7,1,3,0,12,57.22
64,bangalore,48.96,0,146.61,12,6,3,5,1,5,41.22
19,chennai,33.74,3,188.31,11,15,1,1,1,3,45.18
130,kolkata,57.4,4,134.09,15,9,4,2,0,3,54.78
132,chennai,60.25,1,144.73,17,13,1,2,0,6,51.7
182,hyderabad,10.7,2,217.25,15,12,6,1,0,11,5.16
182,hyderabad,33.53,2,121.07,8,13,2,2,0,8,29.58
23,hyderabad,40.33,2,129.89,5,16,2,2,1,4,39.97
91,mumbai,40.03,6,293.43,28,13,2,0,0,8,43.4
23,mumbai,47.14,3,280.0,23,7,1,0,1,10,38.22
135,hyderabad,39.96,2,152.93,9,11,3,1,1,5,30.11
66,hyderabad,46.27,4,169.63,7,21,2,0,0,1,32.11
4,chennai,41.81,4,116.23,15,24,2,2,1,2,54.1
79,mumbai,72.63,1,239.32,29,5,5,1,0,3,36.59
53,bangalore,15.57,1,187.86,7,11,2,1,0,2,14.51
14,chennai,70.83,1,180.2,9,20,1,1,0,1,44.13
145,mumbai,74.17,3,269.19,24,9,2,0,0,1,52.7
89,kolkata,86.27,2,151.9,9,5,1,2,1,5,49.31
23,chennai,68.77,1,125.89,10,25,6,2,0,9,37.49
31,delhi,44.82,2,233.47,30,9,1,1,1,1,51.71
77,mumbai,58.95,0,248.12,21,10,0,1,1,7,43.72
121,bangalore,54.14,2,198.15,6,6,0,0,0,12,30.28
135,delhi,16.97,1,322.54,35,6,1,2,0,10,32.58
65,kolkata,68.11,4,261.53,13,9,2,1,0,5,25.87
61,delhi,16.78,2,184.77,26,16,2,1,0,10,24.07
169,kolkata,47.05,2,132.68,13,8,1,2,0,2,30.46
138,delhi,37.91,1,213.78,22,9,0,1,0,6,19.82
59,hyderabad,24.57,1,184.21,8,24,2,1,0,8,27.27
187,bangalore,31.0,1,99.74,13,6,1,1,1,10,34.56
199,bangalore,32.33,0,90.24,10,10,5,1,0,3,1.07
191,delhi,46.98,1,407.73,25,6,5,1,0,10,33.95
159,delhi,8.59,0,195.63,33,6,1,1,0,7,29.19
195,chennai,47.78,4,118.3,19,13,4,1,0,9,40.06
177,kolkata,62.91,1,262.74,16,9,2,0,1,7,39.99
89,chennai,33.4,8,267.12,16,19,1,3,0,10,42.46
112,hyderabad,13.49,2,180.41,7,20,1,1,0,3,15.62
67,bangalore,46.9,2,130.24,5,7,2,2,1,10,22.98
188,mumbai,89.71,1,300.81,30,8,6,2,0,8,52.8
31,mumbai,66.2,4,314.83,18,7,3,0,0,3,40.41
192,bangalore,21.26,3,228.61,7,8,4,0,0,3,19.52
110,bangalore,15.1,1,211.44,9,10,1,2,0,11,15.9
57,chennai,61.47,2,138.58,10,13,0,3,0,4,49.52
157,hyderabad,12.22,4,206.9,11,18,4,1,0,6,29.47
186,delhi,39.93,0,286.5,25,8,2,0,1,12,43.12
164,mumbai,70.89,6,310.18,26,12,3,1,1,3,59.57
44,bangalore,27.01,0,185.59,9,10,2,0,0,7,15.99
136,delhi,27.21,0,312.12,25,8,7,0,1,6,30.87
141,kolkata,45.14,4,255.39,20,12,1,1,1,2,43.59
37,kolkata,43.26,6,112.87,14,14,2,1,1,2,30.61
164,hyderabad,53.62,0,158.01,6,18,0,0,0,6,34.16
168,kolkata,64.11,6,179.75,16,13,4,1,0,4,40.41
71,kolkata,74.51,2,180.5,9,9,2,1,1,5,46.46
34,chennai,39.16,2,191.9,20,16,3,0,0,3,28.34
4,bangalore,21.03,1,221.99,11,5,3,4,0,4,25.72
149,delhi,17.45,0,262.81,16,12,2,1,0,7,17.51
72,chennai,69.98,6,134.76,12,18,2,0,1,1,37.07
157,bangalore,52.14,1,145.81,9,6,2,3,0,9,29.03
100,bangalore,44.34,0,213.37,11,8,2,2,1,2,39.97
25,mumbai,47.0,3,216.39,19,7,1,2,0,4,34.29
141,kolkata,59.19,1,127.02,18,11,1,0,0,8,31.5
174,mumbai,66.31,3,196.68,28,8,2,2,1,3,52.44
194,kolkata,41.45,2,156.53,11,16,2,1,0,2,41.42
131,hyderabad,30.34,1,211.68,12,15,1,0,0,2,26.96
31,hyderabad,21.34,0,124.8,12,12,3,1,1,12,32.14
173,chennai,48.29,4,118.11,9,14,2,1,0,10,31.4
79,delhi,44.88,2,195.79,26,14,1,2,0,2,38.21
144,delhi,18.96,2,265.63,22,11,3,0,1,6,41.55
68,chennai,74.26,2,169.25,13,16,1,0,0,9,39.59
187,delhi,18.96,3,192.14,36,11,1,0,1,9,31.26
70,mumbai,81.69,4,297.27,30,8,0,1,1,5,52.33
175,hyderabad,26.88,0,177.42,10,20,1,1,1,3,35.75
83,chennai,46.43,4,253.61,11,15,2,1,1,11,37.03
28,delhi,10.05,1,263.97,33,7,0,1,1,7,24.14
20,delhi,50.24,2,346.43,34,8,2,0,1,8,38.76
169,chennai,66.79,3,262.7,15,23,2,1,1,8,59.62
173,chennai,34.02,1,142.43,12,25,3,1,0,2,29.57
114,hyderabad,19.04,0,172.51,10,20,2,3,1,1,27.76
70,delhi,32.18,0,337.4,37,8,4,0,1,12,39.7
78,hyderabad,12.79,0,138.84,12,13,3,0,0,1,28.0
176,chennai,41.35,6,122.88,7,17,2,2,0,11,33.02
192,mumbai,75.31,4,337.79,27,13,1,1,0,8,51.62
173,chennai,70.38,1,269.66,10,22,2,1,0,4,30.42
34,bangalore,36.07,2,162.38,11,4,3,0,0,3,30.93
123,chennai,33.74,4,194.33,12,17,1,1,0,8,38.26
3,hyderabad,52.33,0,209.68,2,21,2,1,1,4,34.34
75,kolkata,60.27,2,190.74,15,9,2,0,0,8,32.13
138,bangalore,26.06,3,106.39,4,7,3,2,1,8,37.1
68,bangalore,38.36,1,136.82,10,7,3,0,0,11,15.81
37,chennai,62.7,3,144.9,12,23,4,0,1,1,33.73
37,delhi,24.33,2,232.12,27,4,3,0,0,11,23.37
174,bangalore,54.78,2,151.46,6,13,1,1,0,8,32.31
156,kolkata,76.94,3,174.85,12,7,0,0,0,5,29.82
16,delhi,20.35,5,281.73,22,5,1,1,0,6,32.45
149,hyderabad,14.68,0,166.47,8,22,2,2,0,3,28.4
7,chennai,64.57,2,150.41,15,25,1,2,0,5,31.84
47,kolkata,77.21,6,207.35,16,2,1,1,0,5,47.14
48,delhi,23.25,3,289.75,27,7,3,0,0,6,38.3
185,bangalore,25.95,2,105.34,11,8,0,0,0,2,17.65
155,mumbai,86.74,3,200.38,30,10,1,3,1,3,49.26
56,delhi,31.21,1,384.66,30,6,1,0,0,9,34.08
43,chennai,51.13,3,273.72,18,25,4,0,1,9,42.92
128,mumbai,47.43,4,182.91,22,9,1,2,0,7,43.57
187,hyderabad,38.71,3,170.55,9,25,2,3,1,5,46.43
113,delhi,20.63,0,314.12,22,8,1,2,0,7,24.8
197,bangalore,32.3,0,222.35,5,11,2,2,0,9,20.48
11,mumbai,74.65,0,257.92,25,11,3,0,0,1,36.0
167,kolkata,85.38,8,248.9,11,7,2,0,1,8,64.3
150,chennai,40.96,2,233.94,11,28,2,0,1,3,36.2
102,bangalore,21.84,2,174.16,6,6,3,1,1,2,13.84
153,chennai,31.5,5,140.51,13,14,0,2,0,1,30.14
22,chennai,53.23,2,224.29,12,15,1,1,0,5,33.94
79,hyderabad,29.33,2,117.89,14,21,2,1,0,4,32.85
30,mumbai,62.72,6,197.02,28,5,3,1,1,9,46.94
134,delhi,10.03,1,347.37,23,9,0,0,0,3,23.3
114,mumbai,79.5,1,271.74,25,6,2,2,0,12,52.69
124,bangalore,11.27,2,155.94,7,14,3,1,0,12,5.55
139,kolkata,65.83,2,125.54,10,8,5,2,0,4,33.13
185,kolkata,82.53,1,228.76,14,7,4,0,0,5,37.69
153,hyderabad,10.72,0,118.69,8,17,1,0,0,10,20.26
44,hyderabad,27.89,2,158.85,8,23,3,2,1,7,49.78
138,chennai,37.9,4,212.92,15,20,1,3,0,12,30.44
64,kolkata,69.37,6,114.91,13,9,2,2,0,12,55.66
143,bangalore,10.61,0,170.75,13,9,3,0,0,9,38.52
178,mumbai,65.84,6,370.72,30,10,2,0,1,2,52.4
55,delhi,17.64,1,412.93,20,9,3,1,0,2,14.44
160,chennai,70.6,8,122.01,16,25,1,0,0,2,39.6
14,delhi,17.7,1,208.97,28,5,3,2,1,1,36.53
108,kolkata,78.45,4,187.23,16,11,1,1,0,7,54.84
139,delhi,32.49,1,283.83,23,12,3,0,1,2,29.61
170,hyderabad,53.97,0,155.75,6,18,0,2,0,2,36.2
115,mumbai,61.25,3,370.91,30,4,2,1,0,1,31.09
77,kolkata,88.14,7,215.52,7,10,0,1,0,9,49.97
6,kolkata,55.94,2,146.24,15,7,0,3,0,3,47.74
72,bangalore,50.01,2,220.59,11,8,2,2,0,7,53.46
46,kolkata,84.03,4,228.22,10,9,2,1,0,11,46.88
121,kolkata,40.02,1,249.85,18,11,2,2,0,4,31.47
24,mumbai,51.57,1,379.55,34,13,2,0,0,9,44.44
102,kolkata,75.25,4,120.4,12,7,2,0,0,2,34.52
121,kolkata,87.64,4,148.72,10,7,4,1,1,6,65.99
114,kolkata,49.85,2,268.74,12,5,1,1,0,2,34.95
106,mumbai,48.14,7,270.59,21,5,1,0,1,12,42.87
182,kolkata,70.17,5,112.73,10,9,2,1,0,11,32.14
84,mumbai,49.9,3,380.67,28,11,1,3,0,11,37.85
38,kolkata,61.67,4,189.32,10,6,2,0,1,11,33.44
69,bangalore,35.45,2,161.32,6,9,2,1,0,6,34.39
53,bangalore,28.88,1,187.63,8,13,1,1,1,2,36.11
98,kolkata,56.78,2,211.15,10,6,1,0,0,6,32.19
130,delhi,31.42,0,214.63,35,11,0,2,0,8,41.05
7,bangalore,11.31,2,210.76,16,6,3,0,0,12,18.64
182,delhi,8.9,2,258.16,28,8,1,0,0,5,15.55
141,bangalore,12.17,1,109.5,1,14,0,2,0,9,11.45
133,delhi,14.52,1,191.53,25,15,1,1,0,1,36.48
99,hyderabad,48.28,1,105.1,11,21,7,1,0,1,31.75
67,mumbai,82.66,7,385.96,28,8,3,2,0,9,71.52
48,bangalore,25.34,1,149.25,10,9,2,1,0,9,26.15
65,kolkata,80.25,2,150.34,7,5,3,2,1,7,47.77
154,chennai,56.55,4,152.98,12,21,1,0,0,12,38.75
60,kolkata,72.76,3,177.74,22,9,3,0,0,11,41.84
60,mumbai,81.93,3,309.94,30,10,3,1,0,2,58.86
145,hyderabad,22.31,0,157.7,10,27,2,1,0,5,18.4
78,kolkata,69.02,5,250.16,10,9,1,1,0,9,52.01
111,mumbai,73.57,6,287.98,30,12,0,2,0,1,66.49
35,hyderabad,48.46,0,225.3,11,21,2,0,0,12,25.62
59,mumbai,73.74,2,181.87,17,7,1,2,0,5,37.84
149,chennai,53.9,6,214.53,8,17,1,0,1,8,40.19
147,kolkata,50.55,4,269.96,15,9,6,1,0,4,29.32
51,kolkata,80.28,6,229.62,12,4,0,1,0,1,40.6
197,delhi,40.87,1,217.67,31,4,1,0,0,6,28.74
14,chennai,31.48,2,202.69,17,21,4,2,0,1,34.24
189,kolkata,89.54,6,120.55,14,21,3,0,1,11,62.27
194,hyderabad,30.58,0,207.53,6,14,5,2,1,10,31.88
1,delhi,25.6,0,299.7,38,15,2,2,0,1,32.71
194,delhi,15.49,1,191.16,28,15,2,0,1,7,37.69
52,kolkata,45.72,6,113.0,13,7,2,4,0,8,45.11
169,bangalore,28.34,2,204.54,10,10,1,0,0,1,11.46
179,delhi,25.07,0,267.62,23,5,0,0,0,9,33.35
141,chennai,34.21,2,171.95,9,14,1,1,0,9,21.44
111,kolkata,54.53,3,145.97,10,8,1,3,0,2,35.62
168,mumbai,47.78,3,194.63,29,7,3,0,0,8,36.85
76,hyderabad,39.0,0,224.06,10,15,2,2,1,8,32.94
150,delhi,45.48,1,233.39,23,10,2,3,1,10,50.58
142,delhi,20.58,3,330.66,21,4,0,0,0,1,17.18
119,delhi,41.64,0,194.14,29,7,1,2,0,9,32.34
130,delhi,15.76,1,289.86,20,8,0,2,0,6,34.35
103,chennai,72.75,7,124.48,15,14,2,0,1,11,55.26
4,bangalore,29.28,2,226.7,7,9,2,1,0,1,27.53
157,bangalore,14.41,3,196.81,10,8,1,1,1,9,22.09
118,chennai,68.69,3,224.15,11,22,4,1,1,7,51.67
128,chennai,73.0,2,142.46,14,8,2,1,1,11,51.75
109,kolkata,64.93,4,255.43,19,11,5,0,0,1,32.63
183,kolkata,75.11,3,164.42,16,9,3,0,1,12,39.03
74,mumbai,59.37,2,274.94,29,11,2,2,0,4,34.47
77,delhi,23.2,1,254.41,32,6,1,1,1,9,35.89
100,hyderabad,44.51,4,224.56,14,27,2,1,0,3,42.67
158,hyderabad,29.98,1,188.91,12,16,7,2,0,7,31.31
86,bangalore,50.86,1,191.6,14,8,3,0,0,7,29.91
36,hyderabad,41.23,0,117.68,11,16,0,1,1,9,33.76
140,mumbai,78.86,5,389.79,34,10,1,0,0,12,47.75
84,bangalore,31.72,1,182.62,8,5,1,0,0,8,28.08
178,chennai,62.91,3,115.67,16,27,0,2,0,8,52.69
5,chennai,31.05,2,142.31,17,15,3,2,0,8,31.57
165,kolkata,87.02,1,188.77,14,10,4,1,1,6,56.56
32,delhi,34.6,0,284.63,19,10,2,6,0,10,38.08
84,delhi,10.67,2,413.0,31,10,0,0,0,9,27.72
106,bangalore,43.79,0,182.43,9,7,0,4,0,3,28.12
179,mumbai,44.24,4,197.75,35,8,2,0,1,3,52.46
23,hyderabad,37.06,0,90.29,11,13,1,0,0,4,8.9
59,hyderabad,41.14,1,169.38,6,20,2,2,1,11,30.83
80,mumbai,86.86,1,384.67,28,10,1,0,1,7,49.6
128,chennai,64.7,3,275.17,13,21,3,2,0,4,45.56
50,kolkata,73.91,5,160.6,13,9,5,0,1,2,61.73
176,chennai,38.89,1,219.2,13,22,1,3,0,11,37.48
155,hyderabad,40.37,1,155.31,10,20,1,2,1,11,42.5
194,hyderabad,54.32,2,194.43,8,29,1,1,1,12,48.87
165,bangalore,49.06,1,226.54,12,9,4,1,0,10,26.64
158,delhi,53.74,0,235.43,34,8,2,2,1,11,44.73
45,mumbai,87.57,3,381.46,32,11,2,5,0,11,63.07
183,hyderabad,12.14,5,179.42,12,11,5,0,0,1,19.53
140,hyderabad,40.83,1,224.14,6,21,2,2,1,9,49.61
196,kolkata,75.14,7,114.8,8,11,1,0,0,9,45.6
168,mumbai,54.21,6,298.51,27,10,4,0,0,2,45.59
162,delhi,31.17,1,341.54,15,14,3,1,1,11,31.52
180,bangalore,48.73,1,180.4,12,9,5,3,1,10,45.18
138,delhi,17.48,0,328.25,28,7,0,0,0,12,21.36
43,chennai,55.73,1,279.8,10,17,2,2,0,12,31.75
129,chennai,45.81,1,141.58,12,16,0,1,1,2,37.83
7,mumbai,74.17,3,192.13,35,7,3,1,1,4,46.63
133,delhi,44.64,3,341.49,22,9,2,1,0,11,35.81
87,chennai,60.88,2,264.9,14,19,0,1,0,10,38.4
70,delhi,50.32,2,348.23,27,9,4,1,0,1,42.89
63,mumbai,73.21,4,184.46,24,8,0,1,0,4,54.72
23,kolkata,74.24,5,188.93,7,3,1,0,1,2,50.46
5,mumbai,63.3,4,411.46,22,10,1,0,0,5,34.91
25,bangalore,17.97,2,190.07,11,10,3,2,0,1,20.75
52,kolkata,70.34,6,192.66,15,9,3,2,1,2,30.72
55,kolkata,86.83,2,255.22,22,8,1,2,1,11,61.69
127,delhi,17.55,0,259.05,29,9,4,0,0,7,29.94
131,delhi,42.35,0,324.91,32,5,2,1,0,2,30.35
2,delhi,42.75,3,226.14,22,5,2,0,0,2,25.33
9,delhi,35.78,2,399.54,21,10,2,1,0,8,33.49
26,hyderabad,14.02,3,160.3,8,21,5,0,0,10,27.51
86,chennai,45.28,3,271.3,15,11,2,0,0,2,28.57
170,mumbai,81.9,1,303.62,33,9,1,4,0,4,51.2
52,bangalore,13.05,1,191.39,7,9,4,0,0,11,12.0
98,hyderabad,11.53,1,222.99,8,20,1,1,0,3,16.31
8,kolkata,58.47,4,117.2,16,14,2,1,1,7,37.29
140,delhi,40.7,4,346.87,18,6,1,1,1,10,38.76
45,delhi,11.88,1,207.86,36,11,2,1,0,4,17.5
42,mumbai,77.95,2,321.4,29,11,2,1,0,7,54.03
191,bangalore,52.79,0,144.79,9,14,0,3,1,11,43.97
190,kolkata,55.37,5,140.54,16,4,2,3,1,3,32.42
148,mumbai,69.69,6,235.24,32,8,5,0,1,10,54.92
146,chennai,66.63,3,230.48,14,11,2,2,0,5,49.94
131,hyderabad,26.06,0,139.95,11,15,4,0,0,7,24.07
183,delhi,33.9,2,285.94,18,11,2,1,0,12,27.13
14,kolkata,60.81,6,249.68,15,8,0,0,1,3,43.91
40,chennai,40.08,3,271.96,17,19,2,1,1,12,49.74
19,kolkata,87.41,6,201.12,14,4,3,1,0,8,46.91
49,mumbai,79.99,2,392.3,33,10,5,2,1,11,60.85
84,delhi,21.42,1,368.99,27,9,2,1,1,3,38.78
117,mumbai,64.42,2,351.01,30,12,1,2,1,9,45.91
12,mumbai,50.3,2,260.02,30,9,0,1,1,4,44.08
95,chennai,34.56,1,117.74,14,19,2,0,1,9,41.52
128,bangalore,29.61,1,227.18,8,11,3,0,0,4,19.23
39,kolkata,58.21,4,159.94,14,14,3,0,0,5,39.24
27,kolkata,66.09,5,139.26,26,8,2,2,0,3,45.42
8,mumbai,41.98,3,246.0,28,16,5,1,0,5,31.8
165,kolkata,64.14,1,214.7,15,9,3,0,0,7,36.36
195,kolkata,72.72,4,253.88,18,7,2,1,0,8,36.54
102,hyderabad,36.97,0,207.97,10,18,2,2,1,10,53.14
22,mumbai,58.39,4,247.71,29,7,1,1,0,3,58.91
44,mumbai,54.36,2,326.05,25,13,5,3,1,5,51.93
116,mumbai,62.34,3,391.35,28,4,3,0,0,12,37.54
89,mumbai,40.74,3,196.93,22,7,0,0,1,5,47.74
66,kolkata,61.68,4,194.36,15,10,0,0,0,8,53.82
83,bangalore,47.29,1,93.56,14,7,6,0,0,6,37.71
152,bangalore,19.81,1,142.02,9,7,1,1,0,3,27.09
17,chennai,33.31,3,117.32,9,17,0,0,0,4,22.99
119,hyderabad,44.66,3,95.21,12,18,1,1,0,6,40.51
157,mumbai,68.63,3,200.34,24,7,3,2,1,12,44.85
178,bangalore,50.68,1,171.16,6,14,2,0,0,7,34.7
158,kolkata,64.31,2,139.8,13,9,0,0,0,3,38.42
66,delhi,41.65,0,299.45,25,5,1,1,0,9,41.55
72,kolkata,50.78,5,278.14,17,7,1,0,0,4,21.5
155,hyderabad,42.92,2,109.46,6,13,3,1,0,9,30.51
122,bangalore,53.12,1,153.44,6,9,2,1,1,3,37.66
21,hyderabad,18.56,1,213.76,11,20,1,2,1,11,34.78
112,hyderabad,9.23,2,119.17,11,16,2,1,0,12,32.21
100,kolkata,77.64,1,127.9,18,12,5,0,1,8,50.48
5,mumbai,40.68,2,253.68,23,6,3,2,0,6,41.2
157,hyderabad,10.95,2,138.16,9,11,1,3,1,10,30.59
41,hyderabad,8.61,1,150.05,7,24,1,2,1,2,22.81
4,chennai,35.5,3,213.26,10,15,4,0,0,9,33.29
94,kolkata,81.21,5,172.47,14,7,1,1,1,12,40.24
189,bangalore,19.61,0,208.92,11,13,2,1,0,5,12.23
186,bangalore,13.29,1,109.95,8,7,2,2,1,1,19.6
37,hyderabad,37.22,1,160.65,18,24,2,1,1,11,47.29
49,kolkata,40.96,3,189.97,13,6,3,1,0,2,17.72
69,mumbai,84.77,7,191.77,34,10,0,1,0,4,57.01
79,bangalore,46.95,4,192.77,3,10,2,2,1,9,52.11
177,kolkata,40.5,4,240.32,10,9,3,0,0,8,22.89
93,bangalore,46.71,1,126.29,6,9,1,2,1,6,46.31
115,bangalore,33.6,1,197.59,12,5,3,1,0,4,22.14
161,hyderabad,37.49,0,117.9,11,16,2,0,1,9,29.77
172,kolkata,57.74,9,130.67,11,10,0,0,0,9,37.26
143,chennai,44.97,0,213.34,15,27,2,0,0,7,31.47
24,bangalore,43.21,0,135.05,15,4,3,0,1,12,20.89
113,chennai,53.2,4,189.98,10,20,0,1,1,2,45.11
106,kolkata,47.44,4,184.18,16,9,0,0,0,7,39.91
167,delhi,17.91,0,238.06,29,6,5,3,0,8,29.86
184,bangalore,41.67,1,186.3,9,1,4,3,0,12,28.53
12,hyderabad,33.72,2,197.09,7,12,0,1,0,1,28.1
100,delhi,51.57,1,241.73,28,12,2,3,0,7,46.15
191,delhi,41.16,1,269.87,29,10,2,4,0,7,49.44
125,bangalore,35.06,2,197.97,10,9,1,2,0,2,27.99
70,chennai,33.86,3,181.92,8,13,1,3,1,3,40.57
172,chennai,56.62,3,247.8,9,11,0,1,0,10,37.77
139,mumbai,88.72,5,409.02,19,9,1,2,0,3,51.56
136,delhi,24.41,0,324.36,33,12,1,1,0,9,33.79
121,kolkata,51.23,2,167.93,14,10,2,1,0,3,23.1
61,delhi,8.96,2,281.43,27,9,2,0,0,5,29.71
162,kolkata,58.24,2,171.34,9,13,1,2,0,12,34.05
26,hyderabad,13.03,3,92.13,16,17,6,0,1,7,26.58
75,delhi,43.3,1,383.26,24,10,2,1,1,3,38.21
174,mumbai,49.76,5,396.02,34,13,1,0,1,1,46.47
57,kolkata,62.54,4,136.86,16,8,3,0,1,2,45.12
59,delhi,18.02,0,338.57,24,1,2,1,1,7,23.0
82,delhi,22.15,0,336.04,29,11,2,0,0,5,25.17
133,kolkata,64.98,3,158.02,12,11,4,3,1,7,50.69
107,mumbai,73.18,1,320.65,34,11,4,2,1,5,61.92
136,chennai,64.36,1,243.1,17,27,3,0,0,10,28.11
41,kolkata,79.29,3,156.45,13,12,1,1,0,10,51.37
35,bangalore,38.78,0,201.62,14,11,5,1,0,9,25.55
196,kolkata,51.56,5,116.73,17,13,1,1,1,11,34.92
133,delhi,52.21,0,202.8,18,11,1,1,0,8,39.89
64,kolkata,63.61,3,145.56,12,14,2,0,1,1,34.22
70,chennai,36.99,3,187.27,10,18,5,2,0,9,44.85
160,kolkata,69.64,3,246.01,14,6,0,2,0,8,51.55
22,kolkata,57.31,1,133.35,14,6,2,2,0,2,30.67
64,hyderabad,52.58,0,216.13,9,21,2,3,0,3,38.98
61,kolkata,85.14,5,155.02,9,12,2,2,1,10,57.59
137,delhi,24.87,0,225.08,38,6,2,2,0,12,52.54
74,delhi,44.71,1,337.87,20,9,2,2,0,9,26.1
195,hyderabad,14.86,1,113.65,8,19,3,3,1,7,45.27
103,chennai,69.13,2,192.52,16,24,2,0,0,3,31.68
159,chennai,66.42,3,179.21,12,17,6,0,0,1,38.98
185,chennai,67.22,1,204.44,19,17,2,1,1,5,51.52
57,mumbai,51.31,3,410.72,24,9,3,1,1,9,46.44
141,chennai,32.72,5,239.76,20,12,1,1,0,1,32.18
79,hyderabad,48.61,1,163.25,10,15,1,1,0,6,28.62
7,kolkata,46.25,2,239.79,16,3,1,0,1,11,35.03
163,hyderabad,43.14,0,131.49,8,13,1,3,0,7,44.23
105,delhi,23.72,1,214.83,29,15,1,0,0,9,31.7
131,hyderabad,29.83,1,94.41,13,12,3,1,1,12,39.24
11,hyderabad,21.48,0,90.67,7,20,2,3,1,8,36.67
72,mumbai,42.44,3,256.52,33,8,3,2,0,9,39.83
97,delhi,47.07,1,253.02,32,7,0,1,0,11,28.2
21,bangalore,24.57,2,179.28,11,5,2,0,0,10,12.12
142,bangalore,28.33,0,109.43,9,14,0,1,0,5,22.97
111,bangalore,14.25,1,213.78,12,12,1,0,1,10,16.34
129,mumbai,53.94,1,257.07,22,5,4,1,0,8,31.56
34,delhi,39.03,1,275.11,31,13,1,1,0,11,36.57
170,hyderabad,11.03,0,158.3,9,15,1,1,0,9,22.03
194,delhi,35.49,0,383.66,29,10,2,1,0,6,17.28
10,kolkata,66.59,5,219.7,9,14,1,0,1,9,61.88
158,mumbai,56.35,4,402.2,33,8,1,0,1,7,52.76
128,mumbai,74.6,3,244.21,21,10,3,6,1,8,65.68
44,bangalore,10.44,1,229.85,12,21,1,0,0,11,29.26
96,bangalore,17.15,3,174.25,7,7,4,0,0,6,26.63
166,delhi,29.57,2,247.27,35,9,2,0,0,5,17.91
87,chennai,34.3,1,201.98,12,24,4,0,0,1,20.33
32,kolkata,50.25,6,169.41,16,12,1,0,0,5,37.48
143,hyderabad,38.04,1,194.17,9,12,3,3,1,6,36.36
22,mumbai,65.52,4,414.7,25,5,1,2,1,12,41.9
47,bangalore,34.33,0,218.18,9,10,1,0,0,10,8.61
183,delhi,48.69,1,311.94,26,17,3,1,1,7,46.15
50,mumbai,51.78,5,227.28,25,11,3,1,0,6,58.0
2,hyderabad,23.33,2,133.12,8,17,2,1,0,4,18.42
38,chennai,64.56,1,141.36,17,18,1,1,1,7,61.23
188,hyderabad,22.55,2,216.02,10,13,0,2,1,7,40.75
158,bangalore,27.86,0,126.85,14,10,6,0,0,12,18.54
143,kolkata,48.65,0,195.24,10,4,0,0,1,11,19.76
9,mumbai,57.38,2,376.13,19,5,1,2,0,2,46.46
130,hyderabad,24.17,3,152.43,16,23,2,3,0,12,37.75
176,chennai,57.6,2,179.53,13,14,2,3,0,4,36.13
9,kolkata,40.59,4,148.84,10,9,2,0,0,4,25.57
20,delhi,18.96,0,385.93,24,13,1,2,0,4,38.42
195,bangalore,31.64,1,156.86,5,6,0,1,1,11,25.05
121,kolkata,72.64,3,212.58,20,9,3,0,0,4,37.97
191,hyderabad,38.01,2,178.84,7,12,4,2,0,3,33.29
62,hyderabad,10.0,0,104.86,9,22,1,4,0,9,26.07
187,delhi,18.77,0,278.5,34,8,3,0,0,11,6.18
91,chennai,65.66,3,213.93,8,10,3,2,0,8,48.49
31,kolkata,84.37,3,136.21,11,10,1,0,0,6,41.8
139,delhi,49.49,1,227.64,28,7,3,1,0,10,34.48
106,bangalore,47.24,1,215.96,4,10,2,1,0,3,29.06
174,delhi,12.43,2,340.83,28,7,1,1,1,2,28.67
42,chennai,43.93,5,276.44,8,24,3,2,0,10,41.16
88,chennai,62.28,2,253.56,10,7,1,2,0,5,37.44
1,mumbai,76.18,3,368.6,27,5,3,0,0,4,43.02
40,kolkata,85.79,2,170.87,13,11,0,0,0,7,53.18
21,kolkata,49.47,5,200.42,11,5,0,0,0,9,30.64
10,mumbai,79.66,1,287.97,34,14,1,1,1,6,67.02
128,kolkata,40.87,7,262.28,16,10,2,3,0,6,42.48
23,chennai,59.37,1,192.98,10,16,3,0,0,3,29.92
179,kolkata,73.04,0,152.48,13,11,0,2,0,10,40.98
117,bangalore,27.95,2,212.33,9,7,1,1,0,6,18.91
159,chennai,67.57,4,234.68,14,18,3,2,0,10,53.4
158,kolkata,72.47,5,115.71,12,6,2,2,0,9,48.77
172,hyderabad,34.63,2,168.88,12,15,4,1,1,10,20.91
136,kolkata,58.38,1,184.76,14,11,4,1,0,10,26.49
37,delhi,46.99,2,409.5,35,12,1,1,1,9,54.34
165,delhi,51.8,0,344.06,22,6,3,0,1,6,45.47
197,hyderabad,19.11,2,188.02,7,19,3,0,1,4,37.39
58,kolkata,50.65,6,256.83,17,6,3,1,1,8,55.43
121,delhi,47.08,3,242.19,26,9,1,1,1,6,51.17
33,chennai,50.03,4,168.23,11,10,1,0,0,10,32.33
109,bangalore,23.78,1,167.28,7,6,1,0,0,8,0.0
184,kolkata,81.3,1,119.82,8,3,2,0,0,8,36.99
146,delhi,21.63,0,397.98,30,6,3,1,0,2,26.58
154,delhi,33.81,1,374.45,26,7,2,1,1,1,34.23
92,kolkata,62.26,5,276.5,10,8,5,2,0,10,49.14
83,mumbai,52.69,2,392.97,21,14,2,0,1,9,47.07
120,mumbai,43.04,3,233.09,24,5,5,0,1,10,41.79
84,bangalore,32.33,0,94.04,8,9,1,1,1,10,31.52
47,hyderabad,52.13,1,105.24,10,14,2,0,0,3,23.87
37,mumbai,75.36,7,393.61,26,9,2,2,0,6,41.57
66,bangalore,43.39,0,132.97,12,9,3,0,0,9,24.19
59,delhi,9.74,1,382.57,40,14,1,0,0,8,37.26
9,delhi,25.84,1,354.09,25,9,4,0,0,11,25.19
100,kolkata,85.99,3,173.19,14,11,2,0,0,9,51.0
9,delhi,37.86,1,273.67,22,8,3,1,0,2,31.39
169,chennai,37.05,1,245.2,8,14,4,1,1,4,25.27
105,kolkata,78.55,2,150.3,17,9,1,2,1,6,48.69
49,kolkata,75.29,3,154.16,8,6,0,0,0,10,14.12
117,delhi,28.32,1,332.79,29,8,1,1,0,3,22.75
142,chennai,62.08,2,174.54,11,16,4,1,1,6,60.04
22,hyderabad,26.63,0,168.63,12,27,2,2,0,5,33.08
42,chennai,59.42,0,180.39,18,19,7,1,0,11,34.28
80,delhi,43.05,0,321.69,31,5,0,2,0,6,34.66
68,delhi,31.52,2,221.44,22,14,1,1,1,12,40.06
41,hyderabad,19.01,0,102.93,11,18,3,2,0,8,18.36
95,kolkata,42.39,2,168.0,15,9,1,0,1,8,40.28
49,delhi,42.95,1,224.1,30,5,1,0,1,2,29.76
53,mumbai,60.24,2,301.58,26,17,4,2,1,6,45.89
46,bangalore,12.27,2,191.21,7,12,2,0,0,11,16.92
164,kolkata,67.32,3,244.62,14,10,0,0,0,5,35.75
170,delhi,29.15,1,359.96,28,6,2,2,0,12,45.34
47,chennai,54.11,0,226.67,14,22,0,2,0,2,32.53
10,mumbai,41.02,4,307.66,26,8,2,2,1,8,45.16
117,delhi,11.22,4,386.12,16,6,2,1,0,12,31.22
122,delhi,41.33,1,207.07,32,2,1,0,1,1,38.77
106,mumbai,73.71,4,286.52,34,9,3,1,0,8,51.97
77,hyderabad,23.84,3,208.56,9,22,4,0,0,12,27.3
132,hyderabad,8.12,3,164.14,8,20,0,1,1,3,24.74
163,mumbai,66.74,3,324.04,25,10,1,0,0,11,31.15
188,hyderabad,54.9,2,90.96,10,11,2,0,0,11,26.65
164,mumbai,84.53,2,416.05,29,7,5,0,0,1,53.13
76,chennai,48.91,2,217.8,8,17,2,0,0,6,32.36
13,hyderabad,47.08,4,204.03,9,16,1,1,1,2,53.41
16,chennai,71.87,0,235.99,13,17,1,2,1,4,50.64
111,mumbai,79.0,7,206.35,29,11,0,1,0,10,56.22
102,bangalore,18.1,4,185.47,9,10,1,0,1,9,28.57
48,hyderabad,18.32,0,138.7,17,21,3,0,1,10,20.45
176,delhi,10.57,2,252.36,33,12,0,0,0,12,30.42
105,delhi,42.8,0,193.81,21,7,1,2,0,5,33.46
185,chennai,35.36,4,182.79,11,24,0,0,0,5,34.48
118,mumbai,48.49,6,390.93,18,7,5,0,0,12,20.11
129,hyderabad,37.75,2,192.4,14,14,3,2,1,7,41.62
26,chennai,33.38,4,240.88,10,20,0,0,0,10,39.1
23,bangalore,46.44,5,214.0,6,5,3,0,1,7,42.01
134,chennai,60.4,3,250.99,18,21,2,3,1,11,43.87
18,bangalore,27.81,0,215.31,11,6,0,0,1,10,28.43
114,chennai,52.82,3,210.85,17,21,3,1,1,3,37.47
197,bangalore,32.45,1,97.55,12,9,0,0,0,9,25.98
117,delhi,23.54,2,255.52,34,8,2,0,0,8,12.83
58,delhi,16.33,1,416.54,34,13,4,1,0,11,25.55
139,mumbai,56.2,2,282.35,23,9,2,3,0,3,51.24
136,delhi,17.1,0,407.05,27,7,1,1,0,11,17.5
22,delhi,48.95,1,395.6,32,12,3,2,0,10,36.46
178,kolkata,66.32,3,166.44,16,11,2,1,0,2,48.11
119,hyderabad,23.72,0,94.65,16,14,2,1,1,3,21.81
103,bangalore,40.28,0,149.16,11,9,4,0,1,5,31.7
107,mumbai,64.6,8,320.67,21,8,3,1,0,12,37.48
63,mumbai,41.27,0,249.9,21,9,1,0,1,9,32.7
106,mumbai,45.13,2,391.15,27,10,2,1,0,11,40.42
102,chennai,36.53,3,221.99,18,22,1,1,0,9,45.46
134,kolkata,52.64,2,113.22,13,11,3,0,1,7,34.77
105,chennai,61.98,5,214.15,15,20,0,1,0,1,42.56
137,hyderabad,15.65,2,208.75,7,19,2,0,1,10,35.7
110,delhi,21.06,0,365.4,34,9,1,0,0,8,42.51
106,chennai,52.07,2,253.72,13,19,2,1,1,5,47.55
65,kolkata,52.56,4,247.88,7,10,3,1,1,2,37.77
20,chennai,45.9,5,160.24,9,21,2,1,0,9,46.27
63,mumbai,69.92,4,304.7,27,5,4,3,1,10,64.2
112,mumbai,77.37,2,259.55,29,15,2,1,0,4,46.44
100,kolkata,58.63,5,149.63,17,12,3,0,0,11,41.08
132,mumbai,56.47,4,362.96,23,9,1,2,1,8,51.7
66,mumbai,85.59,3,323.29,41,8,2,2,1,3,52.59
56,kolkata,83.14,4,275.14,18,9,2,0,0,8,37.44
124,bangalore,29.32,1,95.0,9,9,1,2,0,7,21.39
32,chennai,56.95,4,150.93,17,23,0,1,0,4,45.06
93,bangalore,20.92,0,214.25,19,14,2,1,0,2,24.91
105,bangalore,25.11,0,114.75,7,10,1,0,0,7,20.19
189,hyderabad,21.37,0,205.66,8,24,2,1,1,1,27.18
61,hyderabad,10.75,2,175.77,5,17,1,1,0,7,15.56
86,mumbai,71.22,1,183.23,25,5,1,2,0,12,43.12
99,delhi,31.17,3,372.84,21,7,0,0,0,9,24.17
154,delhi,9.22,0,343.78,25,8,1,2,0,7,19.49
102,chennai,42.35,5,234.16,13,20,1,1,1,4,51.23
194,bangalore,17.94,1,158.0,12,10,4,0,0,1,8.91
150,chennai,37.41,2,120.01,16,13,2,2,1,4,25.65
29,kolkata,83.99,5,181.72,8,9,1,2,1,12,55.52
37,chennai,53.7,2,266.1,15,19,3,2,1,5,48.17
53,hyderabad,35.91,0,133.8,10,10,4,1,0,10,15.27
46,bangalore,17.25,0,134.66,10,11,2,2,0,5,25.5
55,kolkata,67.3,6,154.88,9,8,2,2,0,12,45.97
62,bangalore,20.44,1,147.6,10,13,1,1,1,1,25.08
36,bangalore,34.14,1,150.42,7,8,5,0,0,1,19.5
67,delhi,42.82,3,253.14,30,6,3,2,0,5,21.41
24,hyderabad,50.18,2,149.28,10,22,0,2,0,10,24.91
153,delhi,25.53,1,250.82,21,6,1,0,0,12,17.18
85,mumbai,89.37,3,329.23,36,9,2,0,0,4,59.02
102,bangalore,50.33,1,93.44,5,8,4,2,1,2,30.42
90,kolkata,82.64,0,127.48,9,6,0,0,0,4,37.03
138,delhi,47.9,2,368.7,28,9,1,0,0,1,29.08
157,delhi,9.43,2,278.76,25,4,0,1,0,5,20.8
155,delhi,50.08,2,290.52,27,7,0,1,1,2,51.35
3,mumbai,79.16,2,272.67,28,12,1,0,0,10,47.39
140,kolkata,71.41,1,198.97,14,7,5,1,0,4,36.87
5,hyderabad,19.61,0,224.13,9,22,0,1,1,11,28.46
167,hyderabad,50.31,0,117.44,13,10,1,0,1,7,38.71
146,chennai,65.7,5,223.76,17,14,3,1,1,9,54.38
89,kolkata,82.87,3,238.59,11,8,2,0,1,4,32.87
167,bangalore,27.98,0,178.62,3,15,2,0,0,11,24.24
52,mumbai,69.59,9,404.31,25,8,3,0,1,4,52.4
41,chennai,50.0,5,165.22,12,18,3,2,1,12,59.68
151,kolkata,66.66,4,244.0,14,7,3,0,0,3,31.37
89,delhi,47.56,3,196.67,25,11,2,0,0,3,28.01
48,mumbai,89.62,3,316.59,30,11,1,1,0,11,46.93
189,kolkata,80.38,2,168.16,13,4,2,1,1,7,47.21
49,hyderabad,18.04,1,180.85,10,24,1,0,1,5,27.84
90,hyderabad,39.48,1,116.28,5,17,3,2,0,7,35.24
129,delhi,25.26,2,391.23,35,11,3,1,1,1,26.35
72,kolkata,69.43,2,145.65,14,8,1,2,0,7,35.7
156,mumbai,62.64,1,244.4,28,7,2,1,0,5,38.62
126,mumbai,60.08,4,205.94,28,14,4,0,1,7,49.15
143,mumbai,40.9,5,304.11,24,9,3,0,0,11,23.49
36,chennai,43.73,1,213.72,13,20,2,0,1,3,38.16
9,delhi,17.6,0,226.04,30,6,1,0,0,1,34.42
58,bangalore,15.74,1,127.98,8,10,0,0,0,10,22.14
151,bangalore,19.02,2,226.33,9,11,1,1,0,9,31.17
113,hyderabad,18.52,1,221.34,11,25,0,1,0,10,3.81
152,kolkata,81.34,3,239.34,13,6,2,0,0,10,35.24
56,hyderabad,36.74,1,98.74,11,23,1,1,1,9,39.36
100,chennai,49.69,0,256.49,20,13,0,1,0,9,39.66
5,kolkata,42.59,2,177.21,14,8,4,0,1,12,33.41
181,mumbai,72.61,5,272.73,32,8,4,1,0,11,45.46
156,bangalore,47.04,1,100.88,12,8,4,1,0,8,36.03
68,delhi,37.11,4,378.87,30,7,1,1,1,1,45.12
108,mumbai,79.28,2,329.33,35,9,3,1,1,7,61.34
167,mumbai,72.17,4,219.79,25,9,1,0,0,7,38.97
59,hyderabad,42.08,2,185.67,7,11,3,1,0,7,31.96
105,kolkata,44.02,1,204.82,12,8,3,1,0,11,33.48
28,hyderabad,35.14,3,212.46,7,19,3,1,1,5,26.11
32,bangalore,34.2,3,187.32,8,11,4,0,0,2,20.15
70,delhi,38.96,1,342.45,21,8,1,2,1,2,38.66
44,chennai,56.89,1,271.39,14,19,0,1,0,12,32.65
126,delhi,21.32,0,244.37,25,16,3,1,1,9,35.35
66,delhi,23.1,1,186.04,30,14,0,3,0,11,24.66
161,mumbai,70.3,7,216.63,27,6,0,0,1,5,46.88
33,kolkata,55.35,4,238.6,15,12,2,2,0,5,58.07
75,mumbai,85.65,2,313.28,23,6,4,1,1,6,52.86
184,kolkata,74.34,3,275.59,18,8,2,0,1,11,46.75
46,mumbai,76.99,6,344.39,35,5,1,2,0,5,49.34
133,kolkata,41.5,3,184.55,10,8,2,1,1,3,44.28
65,mumbai,44.24,2,408.61,27,13,2,2,0,6,47.02
40,hyderabad,42.94,0,107.39,8,14,7,1,1,12,24.56
60,chennai,39.18,3,155.64,16,15,1,1,0,8,45.93
124,delhi,40.96,1,268.07,25,7,1,0,1,11,33.21
139,delhi,13.75,1,304.23,33,7,2,1,1,4,29.5
100,mumbai,74.45,0,194.32,27,8,1,0,0,3,41.65
46,delhi,27.39,1,247.36,26,6,2,2,1,6,42.62
112,bangalore,25.55,1,95.47,8,2,2,2,0,4,15.36
50,kolkata,69.91,5,202.74,8,8,1,0,0,4,22.75
130,delhi,23.35,1,391.75,28,7,5,0,1,8,37.21
21,chennai,40.14,2,185.27,13,23,2,0,0,11,33.72
3,chennai,56.1,2,221.09,17,19,1,0,0,10,39.98
62,hyderabad,43.0,1,178.03,5,23,5,2,0,5,23.27
69,kolkata,56.01,3,198.67,20,12,3,0,1,11,34.25
36,chennai,54.35,2,182.16,10,20,2,1,1,10,36.55
156,mumbai,42.03,0,282.02,29,10,0,0,0,7,41.33
78,chennai,41.38,3,188.15,15,23,1,0,1,2,31.41
17,bangalore,36.41,2,171.14,8,12,2,2,1,8,39.61
135,delhi,17.92,2,405.18,33,12,1,0,0,1,28.98
132,mumbai,46.25,6,342.84,24,7,4,2,0,2,38.54
89,delhi,54.02,1,366.8,26,7,2,1,0,3,41.26
128,kolkata,83.01,6,229.52,12,9,2,4,0,3,48.14
112,hyderabad,13.01,1,191.82,5,22,1,0,1,11,26.36
25,chennai,67.02,2,198.64,12,25,2,0,0,3,34.91
56,bangalore,15.15,2,129.87,10,8,4,0,0,11,17.04
136,bangalore,48.7,0,109.22,8,5,0,2,0,9,34.02
109,chennai,66.17,1,266.68,21,8,1,0,1,1,49.39
137,hyderabad,46.09,1,94.26,13,20,3,1,0,5,40.26
168,kolkata,82.05,6,245.56,20,9,2,0,1,3,47.63
62,chennai,47.2,2,225.4,11,18,2,1,0,1,40.97
199,chennai,72.9,2,162.97,15,14,0,1,1,3,40.35
97,bangalore,54.06,0,189.32,7,8,1,0,0,1,19.27
19,delhi,49.4,3,379.68,28,11,2,0,0,10,30.46
72,kolkata,62.2,8,127.98,9,4,1,0,0,4,34.84
121,kolkata,59.47,2,243.25,16,4,4,1,0,6,40.69
123,delhi,18.13,1,199.57,30,9,0,1,0,8,8.02
166,bangalore,46.69,1,161.68,14,6,4,0,0,11,28.55
5,mumbai,42.8,5,376.25,18,6,1,4,0,9,46.4
157,delhi,15.67,3,415.85,33,7,1,2,0,4,38.85
37,mumbai,43.35,3,184.82,28,13,4,1,0,10,34.68
79,kolkata,44.11,2,176.82,8,10,0,1,1,1,37.11
138,hyderabad,48.7,2,190.69,6,23,3,0,0,5,27.9
167,delhi,18.97,0,341.57,27,8,3,0,0,9,17.36
91,bangalore,24.71,2,116.85,16,7,0,0,0,9,21.71
128,mumbai,50.79,1,311.21,30,7,1,1,0,7,57.87
159,bangalore,54.19,2,164.36,9,6,3,0,0,10,10.4
135,delhi,54.08,1,241.53,19,11,5,2,0,12,42.88
177,mumbai,47.86,5,213.66,31,15,3,2,1,7,54.54
169,chennai,55.14,3,198.76,14,14,4,0,1,5,45.17
81,delhi,33.29,1,314.22,32,12,0,0,0,10,22.92
129,hyderabad,17.83,4,176.72,8,23,1,1,0,6,36.73
105,chennai,35.99,5,128.24,15,22,0,0,1,7,41.31
82,delhi,54.66,2,208.33,30,13,4,1,0,1,45.08
173,kolkata,45.0,4,132.45,14,12,0,0,1,1,45.06
105,delhi,19.01,2,383.92,37,6,2,0,0,6,34.2
4,delhi,52.49,0,180.47,19,10,2,0,0,3,18.09
171,mumbai,75.91,7,248.46,42,8,0,2,0,4,39.87
24,kolkata,78.04,3,243.1,8,17,3,2,0,4,48.39
115,hyderabad,51.77,3,197.66,9,18,3,3,0,6,50.43
142,mumbai,44.08,2,341.49,30,5,2,0,0,6,30.16
187,kolkata,74.9,2,270.39,18,7,1,2,0,9,55.71
64,hyderabad,14.95,2,197.1,14,16,0,2,0,9,26.12
162,kolkata,78.99,5,182.3,11,4,5,0,0,8,48.24
64,mumbai,71.26,2,382.52,20,10,1,2,0,4,39.22
13,delhi,16.03,1,257.55,27,7,2,1,1,6,37.95
56,chennai,63.01,3,238.16,16,13,3,2,1,4,45.44
42,bangalore,19.5,3,210.11,8,7,1,0,0,10,20.06
27,mumbai,77.08,4,336.8,26,7,1,1,0,6,47.26
100,bangalore,24.11,0,170.57,13,12,0,2,0,6,22.9
183,mumbai,84.7,6,308.43,26,10,2,2,0,9,64.27
53,hyderabad,20.11,1,182.07,6,18,2,0,0,11,26.52
55,chennai,70.45,1,115.84,12,10,3,1,1,10,49.97
110,delhi,50.22,1,333.29,27,12,1,1,0,12,38.25
100,kolkata,43.78,3,253.32,8,7,5,3,1,11,46.91
171,mumbai,61.21,5,235.45,23,7,2,1,0,12,45.56
42,chennai,72.51,3,211.12,12,13,1,3,1,4,51.84
104,mumbai,67.38,4,281.16,24,7,2,4,0,10,47.7
107,kolkata,59.94,3,230.88,20,11,3,1,0,4,42.8
9,mumbai,66.85,4,388.45,31,10,1,0,1,12,58.71
67,mumbai,75.49,6,262.18,31,7,3,1,1,3,64.05
95,bangalore,44.63,0,152.87,6,9,3,0,0,11,7.93
82,hyderabad,46.65,1,107.27,10,18,3,0,0,7,27.91
98,mumbai,46.84,7,203.72,29,14,2,3,0,11,46.68
28,delhi,49.47,2,278.46,25,11,1,1,1,7,41.96
153,delhi,35.78,0,358.37,33,8,0,1,0,10,27.21
121,bangalore,52.88,4,132.01,11,7,2,2,0,12,30.0
41,mumbai,75.46,5,372.8,27,8,2,1,0,8,59.54
3,hyderabad,12.06,0,186.32,10,14,2,0,0,2,11.16
75,bangalore,26.51,0,159.93,9,11,2,2,0,1,13.59
184,hyderabad,37.42,3,109.91,7,18,1,0,1,6,44.18
64,mumbai,58.88,3,319.26,28,7,6,0,0,4,45.08
149,mumbai,49.82,2,314.87,33,12,0,1,0,4,41.29
49,delhi,54.36,3,216.2,23,5,4,2,0,12,25.49
7,delhi,38.7,6,200.74,24,10,2,1,0,8,43.28
145,hyderabad,29.28,0,174.52,9,23,4,1,1,4,22.97
192,hyderabad,20.2,0,116.33,12,12,0,2,1,6,24.46
49,hyderabad,54.77,0,210.71,8,15,1,1,1,4,38.54
145,mumbai,54.9,3,392.19,22,6,1,1,1,7,45.44
93,delhi,36.88,4,402.81,31,11,3,0,1,3,48.11
92,bangalore,14.43,2,132.5,6,12,1,2,0,3,19.84
32,hyderabad,54.96,2,187.94,12,11,1,1,0,1,22.03
113,bangalore,22.1,1,116.42,13,12,2,1,0,2,28.13
63,mumbai,46.5,1,192.29,34,4,1,1,0,4,35.47
193,bangalore,49.86,1,122.25,7,7,1,0,0,1,10.82
160,delhi,40.18,3,210.38,31,10,2,1,0,9,40.19
152,chennai,54.61,3,125.05,17,23,3,1,0,12,40.33
18,delhi,34.26,1,285.64,33,16,0,1,0,5,27.92
78,chennai,67.77,3,216.49,17,23,1,0,0,6,46.39
56,delhi,47.45,1,238.93,11,10,2,3,0,10,37.36
91,kolkata,44.44,4,198.18,14,12,0,3,1,3,42.69
14,mumbai,45.74,3,318.74,28,3,3,1,0,11,26.72
79,hyderabad,51.81,2,167.64,10,11,2,0,1,10,38.41
184,chennai,34.01,2,128.04,8,14,0,3,0,12,19.96
49,hyderabad,28.05,0,140.57,5,15,3,0,1,5,23.58
79,delhi,27.11,0,261.15,27,8,2,1,0,4,35.72
17,delhi,32.27,0,353.01,30,9,2,1,0,8,34.18
139,mumbai,86.03,3,383.09,36,8,3,1,0,12,52.6
181,bangalore,39.73,0,144.52,5,10,1,0,0,12,35.51
74,hyderabad,8.52,2,138.67,6,23,3,1,0,9,26.03
170,mumbai,50.24,2,310.55,17,18,2,1,0,11,32.11
155,chennai,37.91,3,114.11,13,18,3,1,0,8,24.08
143,chennai,68.18,4,264.82,17,16,1,0,1,2,52.18
22,delhi,43.31,0,203.61,29,7,1,1,1,6,51.89
37,chennai,71.8,1,197.81,14,21,3,1,1,6,63.99
198,kolkata,50.1,6,248.9,12,9,1,1,0,7,46.39
75,hyderabad,45.97,2,179.2,10,17,2,0,0,5,35.48
